62431145,ElectricalEngineering,female,Freshman,15
23087545,Economics,female,Junior,21
91955283,ComputerScience,male,Junior,20
74241419,ElectricalEngineering,male,Sophomore,22
98515260,English,female,Freshman,15
76356742,Biology,male,Sophomore,22
84177734,ComputerScience,male,Junior,20
26299835,Law,female,Freshman,16
15016952,Law,male,Sophomore,19
56205575,Biology,male,Senior,22
73204060,Mathematics,female,Sophomore,22
26327558,Mathematics,female,Junior,22
12669507,English,male,Sophomore,18
33427582,ElectricalEngineering,male,Junior,19
78812605,ElectricalEngineering,male,Freshman,18
90714126,Business,male,Senior,24
55877709,ElectricalEngineering,male,Freshman,18
59048247,Biology,male,Junior,19
27010045,ElectricalEngineering,female,Sophomore,19
27545287,ComputerScience,male,Sophomore,20
30324454,Mathematics,male,Junior,22
97330260,PoliticalScience,female,Sophomore,19
67042335,ComputerScience,male,Junior,21
56226244,ComputerScience,female,Senior,24
90473456,Law,male,Sophomore,22
58656721,ElectricalEngineering,male,Sophomore,17
86477102,Law,male,Sophomore,22
19005041,Economics,male,Senior,23
99341171,ComputerScience,female,Senior,21
85992752,English,female,Junior,24
87186298,Business,female,Senior,21
2807014,Mathematics,male,Sophomore,18
22325359,Biology,female,Sophomore,18
7126776,Economics,female,Senior,21
59920350,PoliticalScience,male,Freshman,19
99601767,IndustrialEngineering,male,Junior,22
69676676,PoliticalScience,female,Senior,22
38610129,Mathematics,male,Freshman,15
36673693,PoliticalScience,male,Senior,22
52974371,Mathematics,female,Senior,26
31524191,Mathematics,male,Junior,20
45345187,Law,male,Junior,19
15313662,Law,male,Senior,21
53702394,Biology,female,Sophomore,17
27862941,Mathematics,female,Junior,22
48395891,Economics,male,Freshman,20
36874833,Mathematics,male,Junior,23
92518357,Economics,female,Senior,21
7641302,English,female,Freshman,17
63340167,Biology,male,Senior,25
57891082,IndustrialEngineering,female,Senior,25
79902879,IndustrialEngineering,male,Senior,23
77297442,PoliticalScience,female,Freshman,20
18778040,ElectricalEngineering,female,Junior,20
5577141,Biology,female,Senior,22
51858646,Biology,male,Freshman,17
23030986,Business,male,Sophomore,18
97581616,Economics,female,Senior,22
22650501,IndustrialEngineering,male,Freshman,20
32206784,Biology,female,Freshman,20
35584751,Law,female,Sophomore,18
51750964,Mathematics,female,Junior,19
84340027,PoliticalScience,male,Junior,19
32228557,Mathematics,male,Senior,22
28152718,ComputerScience,male,Junior,19
67330306,Biology,female,Junior,21
56760912,Mathematics,female,Senior,23
35261383,IndustrialEngineering,female,Senior,25
8001804,ComputerScience,female,Freshman,15
67561898,ComputerScience,female,Freshman,18
44717950,PoliticalScience,female,Senior,23
11278728,Biology,male,Junior,20
12678158,PoliticalScience,female,Junior,23
70638727,Mathematics,female,Senior,25
30027096,PoliticalScience,male,Freshman,17
30286264,PoliticalScience,female,Senior,23
79157788,Law,female,Freshman,18
12759671,IndustrialEngineering,female,Sophomore,21
28348068,IndustrialEngineering,male,Junior,21
49503402,Economics,male,Junior,22
48460419,English,female,Sophomore,19
75489302,Law,male,Sophomore,21
39827134,Mathematics,female,Freshman,18
59726613,Law,female,Sophomore,20
8585757,Business,male,Sophomore,17
8002820,Business,female,Sophomore,20
61569541,Law,female,Senior,23
73436535,Law,female,Sophomore,17
2202412,English,male,Junior,20
91869088,Business,male,Senior,26
21762676,Mathematics,female,Junior,22
3598322,Business,male,Sophomore,21
58524949,Mathematics,female,Senior,22
23315094,Economics,female,Sophomore,22
33122070,Mathematics,male,Senior,21
79856355,ComputerScience,female,Sophomore,21
76937233,Biology,male,Senior,24
3349222,Mathematics,female,Senior,22
48930896,English,female,Junior,22
23202857,English,male,Junior,21
42791089,Mathematics,female,Senior,24
34183615,PoliticalScience,female,Sophomore,17
9479562,Law,male,Sophomore,17
2900027,IndustrialEngineering,male,Freshman,17
53836296,ElectricalEngineering,female,Freshman,17
85315353,Mathematics,female,Freshman,15
23033548,Biology,male,Sophomore,18
57186728,ElectricalEngineering,female,Senior,23
80674500,ComputerScience,male,Sophomore,18
22985061,ElectricalEngineering,female,Sophomore,20
98535681,PoliticalScience,female,Junior,24
32892376,Mathematics,male,Junior,20
32675134,ComputerScience,female,Sophomore,22
96565571,English,female,Junior,22
61798927,PoliticalScience,male,Junior,19
74133446,IndustrialEngineering,female,Senior,26
73060933,ElectricalEngineering,female,Freshman,19
81679381,English,male,Senior,23
28045211,Business,female,Sophomore,18
61873333,Biology,female,Freshman,17
13713287,English,male,Junior,24
91556204,ElectricalEngineering,male,Freshman,19
59087045,ElectricalEngineering,female,Junior,20
70706197,Mathematics,female,Senior,22
79250086,PoliticalScience,male,Senior,21
27135038,Business,male,Junior,24
74921606,ComputerScience,male,Sophomore,21
70154284,English,male,Senior,24
25797221,IndustrialEngineering,female,Junior,23
6313877,Mathematics,female,Senior,21
75124414,Economics,male,Freshman,19
51108989,Business,male,Freshman,16
507786,English,female,Freshman,16
26291645,PoliticalScience,male,Freshman,15
89872993,IndustrialEngineering,male,Senior,22
33599779,IndustrialEngineering,male,Sophomore,21
63773323,ElectricalEngineering,male,Sophomore,22
15301546,Law,male,Sophomore,21
79199496,ElectricalEngineering,male,Senior,25
37463348,English,male,Sophomore,21
99769,Law,male,Sophomore,17
76678471,IndustrialEngineering,female,Freshman,18
60436679,English,female,Junior,24
5040075,ComputerScience,female,Freshman,17
64096379,ComputerScience,female,Sophomore,20
86650291,IndustrialEngineering,female,Sophomore,21
41003207,ComputerScience,female,Junior,22
987119,Biology,female,Senior,24
98310223,Business,male,Senior,26
40085966,Economics,female,Freshman,20
57619963,Mathematics,female,Junior,20
58370860,Mathematics,male,Junior,23
27908105,Economics,female,Sophomore,19
74036759,Business,female,Senior,23
39572560,PoliticalScience,male,Sophomore,20
90596001,Business,male,Junior,19
51378660,English,female,Freshman,16
24007823,English,male,Senior,25
63884294,Biology,male,Freshman,15
82506371,ElectricalEngineering,female,Sophomore,17
30709325,ElectricalEngineering,male,Sophomore,19
11190311,ComputerScience,male,Sophomore,18
69217412,ComputerScience,male,Freshman,19
22900131,Law,female,Senior,24
61174377,Mathematics,male,Sophomore,22
58498124,Economics,female,Freshman,16
15886770,English,male,Sophomore,22
72633495,ElectricalEngineering,male,Sophomore,22
86718381,Economics,female,Sophomore,21
74369867,Business,female,Sophomore,20
5224415,Mathematics,male,Senior,24
68424343,ComputerScience,male,Freshman,19
93678728,Economics,female,Sophomore,20
45754618,IndustrialEngineering,female,Freshman,20
81396387,ComputerScience,male,Junior,23
56889593,ElectricalEngineering,male,Freshman,20
96972845,ComputerScience,male,Junior,21
78453596,Mathematics,male,Junior,21
9969799,ComputerScience,female,Senior,21
86276093,IndustrialEngineering,female,Sophomore,19
84465237,Business,male,Junior,21
25642611,PoliticalScience,female,Junior,19
28627955,Biology,female,Senior,25
11059056,Economics,male,Senior,21
57179699,Biology,male,Freshman,15
59952713,Economics,female,Senior,25
40996294,Law,male,Senior,23
95942133,ComputerScience,female,Senior,21
88080262,Business,male,Junior,19
48440776,Business,male,Junior,19
92372699,IndustrialEngineering,female,Sophomore,22
72325620,ComputerScience,male,Senior,26
55816564,ElectricalEngineering,male,Junior,24
11391695,Economics,male,Junior,21
50489237,IndustrialEngineering,male,Sophomore,19
26696352,IndustrialEngineering,male,Junior,19
7420785,Mathematics,male,Freshman,15
42887839,English,male,Junior,19
48122743,Business,male,Senior,25
23165939,ComputerScience,female,Sophomore,18
87552853,ComputerScience,female,Senior,26
79861582,Biology,female,Sophomore,17
77713612,Economics,male,Junior,21
23761059,Business,male,Sophomore,22
38658169,Biology,female,Sophomore,17
20487745,Biology,male,Senior,25
49835587,Biology,male,Senior,25
92936770,Law,male,Senior,21
83157046,Business,female,Senior,22
47655877,IndustrialEngineering,female,Junior,19
1927559,Economics,male,Senior,26
70030479,IndustrialEngineering,female,Senior,26
5290612,Mathematics,female,Sophomore,19
46477701,IndustrialEngineering,female,Senior,24
46829243,Business,female,Sophomore,21
37231211,English,female,Senior,24
97529259,English,female,Sophomore,17
85486547,Law,male,Freshman,18
34167808,IndustrialEngineering,female,Senior,21
48839541,Economics,female,Freshman,18
14573521,Business,female,Sophomore,19
18331127,ComputerScience,female,Junior,22
41800220,ElectricalEngineering,male,Freshman,15
27739081,Business,female,Senior,23
24593983,Biology,female,Freshman,16
26323112,PoliticalScience,male,Junior,23
91706417,Mathematics,male,Senior,22
1779834,Law,female,Freshman,16
10768438,Biology,female,Freshman,20
24484116,Biology,male,Junior,21
95592764,ComputerScience,male,Junior,19
37108538,ElectricalEngineering,male,Freshman,19
49598500,ComputerScience,female,Senior,23
36803130,Mathematics,female,Senior,23
43609674,ComputerScience,female,Freshman,18
6576607,Law,male,Junior,19
42814018,Law,female,Sophomore,21
23206110,ElectricalEngineering,male,Sophomore,18
71138205,Business,male,Junior,23
72511592,Law,male,Sophomore,19
47253806,IndustrialEngineering,male,Junior,21
29166973,Business,male,Freshman,20
2346391,Business,male,Junior,19
82898015,IndustrialEngineering,female,Junior,24
88388495,PoliticalScience,male,Sophomore,20
17649050,ElectricalEngineering,male,Freshman,16
7563999,English,female,Junior,22
52982301,Business,male,Senior,22
20926128,Law,female,Junior,23
69670404,ComputerScience,female,Senior,24
12906159,IndustrialEngineering,male,Senior,23
41265245,Law,female,Freshman,19
4068599,English,female,Freshman,19
42784698,Biology,male,Senior,23
9107756,ElectricalEngineering,male,Freshman,18
7760030,Mathematics,male,Junior,19
95281225,Biology,female,Freshman,16
53416102,English,female,Junior,19
20676670,Mathematics,female,Freshman,15
25273487,Law,male,Sophomore,21
94947193,Business,male,Sophomore,21
18372945,English,female,Junior,22
23618431,Law,male,Junior,21
56607634,Business,female,Junior,23
1877859,Mathematics,female,Senior,26
55126840,PoliticalScience,male,Senior,26
25676145,Law,female,Senior,25
46797741,IndustrialEngineering,male,Junior,22
94584753,Law,female,Sophomore,19
18931685,ElectricalEngineering,male,Freshman,17
75021517,Biology,female,Senior,21
88292057,Biology,male,Senior,22
4439604,IndustrialEngineering,female,Freshman,16
93080781,Business,female,Junior,24
11332485,PoliticalScience,female,Sophomore,22
25426881,PoliticalScience,male,Junior,20
34940872,Law,male,Senior,24
2332596,English,female,Senior,25
4799793,Economics,male,Senior,24
31172081,Business,female,Senior,23
9556558,ElectricalEngineering,male,Sophomore,21
37190203,ElectricalEngineering,female,Senior,21
58258364,PoliticalScience,male,Sophomore,18
69692664,ComputerScience,female,Senior,22
116071,ElectricalEngineering,male,Senior,25
16788956,Mathematics,male,Senior,21
36120628,ComputerScience,female,Sophomore,19
4560451,English,female,Senior,25
19146912,Mathematics,male,Junior,20
31222362,IndustrialEngineering,female,Freshman,18
93108927,PoliticalScience,male,Sophomore,19
77552414,Mathematics,male,Sophomore,21
99529593,Mathematics,female,Senior,22
62570790,Mathematics,female,Freshman,19
89917567,Law,female,Junior,20
18301281,PoliticalScience,female,Sophomore,20
40227820,ComputerScience,male,Junior,19
63186839,Biology,male,Sophomore,17
95870019,Business,female,Sophomore,19
1378317,ComputerScience,female,Junior,22
90949753,Mathematics,female,Senior,22
53780545,Law,male,Sophomore,20
41708051,Economics,male,Sophomore,19
63261492,Biology,female,Freshman,18
92534877,Biology,male,Freshman,18
47036491,Law,female,Sophomore,20
83305136,PoliticalScience,female,Junior,19
93819452,English,female,Freshman,20
3246467,ElectricalEngineering,female,Freshman,16
68751258,PoliticalScience,male,Freshman,20
21576409,Mathematics,female,Sophomore,22
74702533,English,female,Freshman,15
72491720,PoliticalScience,female,Junior,24
428934,Economics,female,Junior,20
58313389,Economics,male,Junior,22
55307687,Biology,female,Senior,22
37717722,PoliticalScience,female,Senior,24
1067537,ElectricalEngineering,female,Sophomore,17
36978432,PoliticalScience,male,Junior,23
41551178,Mathematics,male,Freshman,19
76564000,Biology,male,Freshman,17
96642199,Business,female,Junior,23
80748637,Business,female,Junior,21
771106,IndustrialEngineering,female,Junior,23
87761346,Economics,female,Junior,21
88414125,Economics,male,Freshman,16
15714146,ComputerScience,male,Senior,25
40276395,ElectricalEngineering,female,Junior,24
86501903,English,female,Senior,23
17115296,Biology,male,Freshman,16
99511758,Business,male,Junior,21
85736553,Law,male,Senior,25
58138620,Biology,female,Sophomore,18
93957595,Economics,female,Freshman,15
45140520,Business,female,Sophomore,17
70585476,Economics,female,Senior,26
47597779,IndustrialEngineering,female,Junior,20
43676241,PoliticalScience,male,Freshman,18
32781180,Economics,male,Senior,21
8214912,Mathematics,male,Sophomore,22
53861560,Law,female,Junior,20
38126258,ElectricalEngineering,female,Junior,24
37943853,Biology,male,Senior,25
55228661,PoliticalScience,female,Junior,21
48013707,English,male,Senior,23
99626187,Law,male,Junior,22
1227516,IndustrialEngineering,male,Junior,20
78010869,English,female,Sophomore,22
63685172,Mathematics,female,Senior,21
78979048,Economics,male,Junior,20
64738265,IndustrialEngineering,male,Sophomore,20
70343912,ComputerScience,male,Freshman,16
14498794,PoliticalScience,female,Sophomore,19
82225478,Law,female,Freshman,16
30174226,IndustrialEngineering,male,Sophomore,17
90458381,Biology,male,Senior,22
69280057,English,female,Freshman,19
26672006,ElectricalEngineering,female,Sophomore,17
21954727,Biology,male,Freshman,19
4865251,ElectricalEngineering,male,Senior,24
32153342,PoliticalScience,male,Junior,24
2112399,ComputerScience,female,Junior,24
90836070,Business,male,Freshman,20
38207330,English,female,Senior,26
37455550,PoliticalScience,female,Junior,20
83835724,English,female,Freshman,20
19027663,IndustrialEngineering,female,Junior,20
34411193,IndustrialEngineering,male,Junior,23
25162670,English,male,Freshman,18
78794277,Business,male,Sophomore,19
25636345,Biology,male,Sophomore,20
94149234,English,female,Sophomore,20
41235065,Biology,male,Sophomore,20
50127016,IndustrialEngineering,female,Freshman,16
18181958,ComputerScience,female,Junior,21
1486919,PoliticalScience,female,Freshman,17
14100690,Business,male,Senior,22
28348218,English,female,Junior,24
29916411,English,female,Junior,22
44055281,Law,female,Sophomore,21
37802478,English,male,Sophomore,20
99981830,ElectricalEngineering,male,Freshman,17
26262623,Biology,male,Freshman,16
89531979,ComputerScience,male,Sophomore,21
85789630,IndustrialEngineering,male,Sophomore,20
53392284,PoliticalScience,male,Junior,20
1605307,PoliticalScience,female,Junior,24
12932590,ElectricalEngineering,male,Junior,19
35841855,Economics,female,Senior,24
30025434,Biology,male,Freshman,19
69536994,PoliticalScience,female,Senior,26
37243278,PoliticalScience,male,Junior,23
9386007,English,female,Sophomore,19
17977515,English,male,Freshman,18
39660510,ComputerScience,female,Freshman,20
82921506,ElectricalEngineering,male,Junior,21
65521291,PoliticalScience,male,Sophomore,17
22858333,Business,female,Senior,25
23693178,Biology,female,Freshman,20
67945177,IndustrialEngineering,male,Freshman,19
24505136,ComputerScience,male,Sophomore,18
13536759,Business,male,Junior,19
30352672,Law,female,Sophomore,20
87994946,ElectricalEngineering,male,Freshman,17
44732239,English,male,Junior,22
28957275,Business,female,Senior,24
35674084,Economics,male,Junior,20
63345040,Mathematics,male,Senior,26
38881597,ComputerScience,male,Freshman,16
2968964,IndustrialEngineering,female,Junior,23
8898163,English,male,Junior,19
58480874,ComputerScience,male,Freshman,16
17603076,ElectricalEngineering,male,Freshman,20
52192143,IndustrialEngineering,female,Sophomore,20
89669023,IndustrialEngineering,male,Sophomore,20
90656198,English,female,Junior,22
56675182,IndustrialEngineering,male,Junior,24
64003036,Law,female,Junior,21
14422760,PoliticalScience,female,Junior,19
46365668,Business,male,Sophomore,21
10437783,Law,female,Junior,21
32429310,IndustrialEngineering,male,Junior,21
6691066,PoliticalScience,female,Freshman,18
50956202,ElectricalEngineering,female,Freshman,18
52847998,English,male,Sophomore,21
15330801,Mathematics,male,Sophomore,17
10325064,ComputerScience,female,Junior,20
41605561,Law,female,Junior,22
65290625,Biology,female,Sophomore,21
63037378,PoliticalScience,male,Senior,25
74228035,PoliticalScience,female,Senior,25
28805601,PoliticalScience,male,Sophomore,20
34799466,Business,male,Sophomore,19
2947610,English,male,Sophomore,20
74075044,Mathematics,male,Junior,21
41826057,Law,female,Freshman,19
26259668,English,female,Senior,25
31839389,Law,male,Senior,23
94438083,Law,female,Sophomore,22
86928269,Biology,female,Sophomore,18
81616736,English,male,Sophomore,21
49688524,PoliticalScience,male,Sophomore,21
64163547,PoliticalScience,female,Freshman,15
20529992,ComputerScience,male,Sophomore,18
61285476,Mathematics,male,Senior,22
88871406,ComputerScience,male,Senior,26
31182952,Economics,male,Senior,23
45892136,Biology,female,Junior,24
30389027,Business,female,Sophomore,18
39791323,ComputerScience,male,Senior,23
18008182,Biology,male,Sophomore,22
75857957,Mathematics,female,Sophomore,20
89169836,Economics,male,Freshman,16
72022798,Economics,female,Junior,21
92760174,Law,female,Freshman,18
54485426,ElectricalEngineering,male,Freshman,20
81382957,ElectricalEngineering,male,Freshman,17
2480285,Business,female,Senior,22
98687937,Biology,male,Sophomore,18
22155201,English,male,Senior,26
25946657,Business,male,Junior,20
92444197,ElectricalEngineering,female,Freshman,16
74902644,English,female,Senior,25
91033295,IndustrialEngineering,male,Junior,24
25962994,Business,male,Freshman,17
14271126,Law,male,Junior,22
5483402,IndustrialEngineering,male,Freshman,18
14298073,Biology,female,Freshman,18
67248685,IndustrialEngineering,female,Sophomore,22
20561428,Law,male,Sophomore,20
77019843,Biology,male,Freshman,17
72970007,Economics,male,Freshman,18
95069661,ElectricalEngineering,female,Junior,19
85629207,ElectricalEngineering,male,Sophomore,18
59027249,ComputerScience,male,Senior,22
25598731,IndustrialEngineering,female,Senior,24
69165468,ComputerScience,female,Sophomore,18
27649792,IndustrialEngineering,male,Freshman,18
78357,IndustrialEngineering,female,Junior,21
30265604,Law,male,Sophomore,21
2910971,Biology,male,Sophomore,21
28605337,Law,male,Freshman,16
12767108,English,male,Freshman,17
90595828,Law,female,Freshman,19
32876752,ComputerScience,male,Sophomore,20
21738696,Economics,male,Junior,21
10201522,Law,male,Sophomore,17
85273803,ComputerScience,male,Senior,22
84263641,English,male,Sophomore,18
44696857,Law,male,Sophomore,19
60432532,Business,female,Sophomore,20
91741413,ElectricalEngineering,female,Freshman,17
54312437,Business,female,Senior,23
96894526,IndustrialEngineering,male,Junior,19
2297320,ElectricalEngineering,male,Freshman,20
13999283,PoliticalScience,female,Sophomore,22
55716501,Business,female,Freshman,20
19837889,ComputerScience,male,Freshman,19
26431079,IndustrialEngineering,male,Senior,21
17567550,Law,male,Junior,23
36845264,ElectricalEngineering,male,Freshman,18
54737569,Law,female,Freshman,15
94888415,PoliticalScience,male,Junior,24
40054792,Mathematics,male,Sophomore,17
68775126,Law,female,Senior,23
35369271,ElectricalEngineering,male,Sophomore,18
59603055,ComputerScience,male,Junior,22
98214175,IndustrialEngineering,female,Sophomore,18
20338908,Law,male,Senior,23
47470242,PoliticalScience,male,Senior,26
61157606,ComputerScience,male,Senior,21
13162282,IndustrialEngineering,male,Senior,22
24948464,ComputerScience,female,Freshman,20
78865754,ComputerScience,female,Sophomore,17
19706841,Business,male,Junior,20
93124102,Mathematics,female,Junior,20
57992962,ElectricalEngineering,female,Senior,23
63956255,English,female,Sophomore,19
71097614,English,female,Sophomore,22
81628141,Business,female,Junior,19
33055828,English,female,Freshman,15
12659425,PoliticalScience,female,Sophomore,20
99789562,English,female,Sophomore,17
20803732,English,female,Sophomore,17
76215414,Business,male,Freshman,19
65886256,Biology,male,Sophomore,21
82694573,IndustrialEngineering,male,Freshman,19
98915125,PoliticalScience,female,Senior,25
66464564,ComputerScience,female,Senior,25
8387263,Law,female,Junior,21
63930997,Business,female,Sophomore,21
35680978,ComputerScience,male,Senior,22
98338572,Business,female,Freshman,16
11950163,Business,female,Junior,19
22946223,IndustrialEngineering,male,Freshman,18
33736801,IndustrialEngineering,male,Senior,24
82368667,Mathematics,male,Sophomore,20
76484065,English,male,Senior,21
4845177,ComputerScience,female,Freshman,15
45958175,Economics,female,Freshman,19
415874,PoliticalScience,female,Junior,22
6880195,IndustrialEngineering,female,Freshman,18
66101155,Economics,male,Junior,24
23261681,Business,female,Sophomore,18
42073945,ElectricalEngineering,female,Junior,22
53583279,Business,male,Sophomore,19
54606722,English,male,Junior,23
21468185,Economics,female,Junior,24
86498268,IndustrialEngineering,male,Sophomore,22
48235831,IndustrialEngineering,female,Sophomore,22
90721564,Economics,male,Freshman,19
3371094,English,male,Freshman,15
61310892,Mathematics,female,Senior,22
42330289,PoliticalScience,female,Freshman,19
17628314,Business,female,Senior,26
24705907,Economics,female,Senior,22
526665,ComputerScience,female,Freshman,16
84488239,PoliticalScience,female,Sophomore,22
49801305,Law,female,Freshman,15
89235612,Economics,male,Junior,19
85790782,Mathematics,female,Sophomore,18
15113000,IndustrialEngineering,male,Sophomore,20
65421879,PoliticalScience,female,Sophomore,20
55045272,Law,male,Junior,21
84389108,PoliticalScience,male,Senior,26
82324711,PoliticalScience,male,Junior,20
49781475,English,female,Freshman,19
67988372,ElectricalEngineering,female,Junior,22
64463179,ComputerScience,male,Sophomore,20
25604268,Business,female,Senior,26
86184051,Law,female,Sophomore,18
23216963,Economics,female,Senior,24
97756395,PoliticalScience,male,Sophomore,22
62221190,Business,female,Sophomore,19
93078065,English,female,Freshman,18
85931684,PoliticalScience,male,Junior,21
11275489,Biology,female,Sophomore,18
74117800,English,male,Freshman,19
12306212,Law,female,Freshman,19
78924885,Biology,male,Junior,23
84693069,IndustrialEngineering,male,Freshman,16
89082646,ComputerScience,male,Sophomore,20
30282820,Biology,male,Freshman,19
84970960,English,female,Senior,25
28119968,Biology,male,Junior,23
79730647,PoliticalScience,female,Senior,24
64286978,Economics,female,Sophomore,19
76659448,ComputerScience,female,Sophomore,18
48638379,ComputerScience,female,Freshman,20
28713369,PoliticalScience,female,Sophomore,18
24917112,ComputerScience,male,Freshman,16
21368738,Mathematics,female,Sophomore,17
58665104,ComputerScience,female,Sophomore,20
33373960,Mathematics,female,Junior,24
78987783,Business,male,Freshman,16
20304654,English,male,Freshman,15
33319668,Mathematics,male,Freshman,20
52917610,Business,male,Junior,19
80107153,ElectricalEngineering,female,Junior,21
80184691,Economics,female,Freshman,17
344373,Business,female,Sophomore,19
35285646,IndustrialEngineering,female,Senior,26
91445805,Biology,male,Junior,19
85882405,Law,female,Sophomore,20
46057093,Biology,female,Freshman,16
20166651,ElectricalEngineering,male,Junior,19
14249232,Law,female,Senior,25
36986305,PoliticalScience,female,Junior,24
15162292,Economics,male,Senior,22
5884289,Biology,male,Sophomore,19
58649623,ElectricalEngineering,male,Senior,23
64128421,Economics,male,Freshman,16
55350403,ElectricalEngineering,female,Senior,26
73285916,Business,male,Junior,23
11252622,Biology,male,Senior,25
85757284,ElectricalEngineering,male,Junior,22
11564664,Law,female,Sophomore,18
53353878,English,female,Freshman,15
16147609,Economics,female,Freshman,18
16802549,ComputerScience,female,Junior,24
9150639,ComputerScience,female,Junior,24
69814698,Mathematics,female,Junior,19
64974955,IndustrialEngineering,female,Senior,23
56380688,PoliticalScience,female,Sophomore,22
97676217,Mathematics,male,Junior,24
53736749,Mathematics,female,Junior,23
61826768,IndustrialEngineering,female,Junior,24
84857085,ComputerScience,female,Freshman,20
85045448,Biology,male,Senior,21
95945336,ComputerScience,female,Senior,22
42683098,ElectricalEngineering,male,Senior,24
59914511,IndustrialEngineering,female,Junior,22
58789500,English,male,Junior,21
80173601,ComputerScience,female,Junior,19
61228514,ElectricalEngineering,male,Freshman,19
6435062,ComputerScience,female,Junior,23
59939774,Economics,female,Sophomore,20
87127996,English,male,Junior,21
6749875,ComputerScience,female,Junior,19
5508749,Mathematics,male,Sophomore,20
32077113,Law,female,Sophomore,17
6612143,Mathematics,male,Freshman,16
45047034,PoliticalScience,male,Sophomore,19
33556252,PoliticalScience,male,Sophomore,21
27042297,PoliticalScience,female,Freshman,15
26471259,Business,female,Junior,22
41278708,PoliticalScience,male,Junior,19
67474422,Law,female,Junior,19
87378040,Mathematics,female,Senior,23
1720872,Economics,female,Junior,23
17802332,IndustrialEngineering,male,Freshman,20
16802321,Mathematics,male,Freshman,15
42126544,PoliticalScience,male,Freshman,18
97943192,Law,male,Freshman,15
99400011,ElectricalEngineering,male,Freshman,19
78304981,ComputerScience,male,Senior,21
3844302,ElectricalEngineering,male,Senior,25
2896278,Law,male,Sophomore,19
47832474,PoliticalScience,male,Sophomore,21
93591452,Biology,male,Senior,23
57415249,Economics,male,Senior,25
67724097,Business,male,Junior,20
67707877,Business,male,Freshman,17
41363677,Economics,female,Senior,23
78887193,English,female,Junior,19
29824404,Business,female,Junior,24
25196955,Biology,male,Freshman,15
65054966,Law,male,Freshman,19
40957782,Business,female,Freshman,16
3103935,ElectricalEngineering,female,Freshman,17
838697,Mathematics,male,Senior,26
98540645,Business,male,Freshman,15
78840801,ComputerScience,female,Sophomore,20
70898029,IndustrialEngineering,female,Senior,22
30309938,English,male,Sophomore,20
2298772,ComputerScience,male,Junior,24
75535953,IndustrialEngineering,female,Senior,26
86049526,ComputerScience,male,Freshman,20
3416961,Law,female,Senior,24
93494820,Law,male,Sophomore,19
18910526,English,male,Sophomore,20
5390196,IndustrialEngineering,female,Sophomore,20
85246053,IndustrialEngineering,male,Junior,22
3703562,English,female,Sophomore,19
44547307,Biology,male,Junior,23
87635396,Law,male,Senior,25
7214659,ComputerScience,female,Junior,19
86123847,Business,female,Sophomore,20
34150806,Law,female,Junior,24
82044118,PoliticalScience,male,Sophomore,17
80546215,Law,female,Sophomore,21
54648736,ElectricalEngineering,female,Junior,22
11008803,Biology,female,Senior,21
91507309,ComputerScience,male,Freshman,15
80780498,Biology,male,Sophomore,19
77400446,English,female,Freshman,19
59540526,English,male,Freshman,15
79892445,Biology,male,Freshman,15
13662848,Mathematics,male,Freshman,15
80211382,English,female,Senior,24
47776432,Biology,male,Junior,23
55600266,ComputerScience,male,Freshman,15
75141186,English,female,Senior,21
55483857,Economics,female,Junior,21
853234,Economics,female,Freshman,19
44111994,English,female,Junior,20
32578947,ElectricalEngineering,female,Senior,21
28373125,ElectricalEngineering,female,Junior,20
87080681,IndustrialEngineering,female,Sophomore,21
56171699,English,female,Sophomore,19
12710954,IndustrialEngineering,male,Sophomore,22
88741724,PoliticalScience,female,Junior,20
36367482,IndustrialEngineering,female,Senior,24
15622970,Law,female,Senior,25
2708525,PoliticalScience,female,Freshman,18
53165208,Law,female,Freshman,16
71250467,ElectricalEngineering,male,Junior,21
73003740,ComputerScience,female,Junior,21
11744798,Mathematics,female,Sophomore,22
97801119,PoliticalScience,female,Junior,21
85752334,English,male,Sophomore,21
43502432,Law,male,Senior,21
33570820,Law,female,Senior,21
58834775,PoliticalScience,female,Senior,23
17594929,PoliticalScience,male,Junior,24
24818083,Mathematics,male,Senior,23
83264671,Law,female,Senior,23
99840016,ComputerScience,female,Freshman,17
17002888,IndustrialEngineering,female,Freshman,20
12454780,Law,male,Sophomore,20
98187423,IndustrialEngineering,male,Freshman,18
51652261,Biology,male,Sophomore,19
92114107,PoliticalScience,female,Junior,24
49689078,ElectricalEngineering,male,Junior,22
62742555,IndustrialEngineering,male,Junior,20
64151693,IndustrialEngineering,female,Sophomore,21
27262398,Law,male,Junior,24
46198484,Biology,male,Junior,22
91329760,Mathematics,male,Senior,25
82321273,ElectricalEngineering,male,Sophomore,18
69958549,Mathematics,female,Freshman,18
50369300,Business,male,Freshman,17
75470399,ElectricalEngineering,male,Sophomore,22
33487740,Biology,male,Sophomore,21
21093165,Law,female,Sophomore,18
87642952,ElectricalEngineering,female,Sophomore,22
64021807,Biology,male,Junior,22
18636209,ComputerScience,male,Senior,26
27039757,Law,male,Freshman,20
55451202,PoliticalScience,female,Senior,21
96051021,PoliticalScience,female,Senior,21
60463809,Business,female,Freshman,17
9396150,English,female,Senior,23
91295504,ComputerScience,male,Freshman,15
62312737,ComputerScience,female,Senior,22
83278486,English,male,Freshman,19
46623433,Biology,female,Freshman,16
8443718,English,female,Junior,24
74998616,IndustrialEngineering,female,Sophomore,20
2768139,PoliticalScience,male,Junior,23
71158033,ElectricalEngineering,female,Junior,20
91250085,Business,male,Junior,23
94140669,Mathematics,male,Sophomore,21
20979660,ElectricalEngineering,male,Senior,23
82719605,English,male,Sophomore,19
70355789,IndustrialEngineering,female,Junior,23
15696688,IndustrialEngineering,female,Senior,25
84160672,English,female,Senior,25
38558802,Economics,male,Freshman,18
78883362,ComputerScience,female,Sophomore,22
82619419,Economics,male,Freshman,18
55941120,PoliticalScience,female,Senior,25
98940169,Mathematics,male,Sophomore,22
14953380,Mathematics,female,Freshman,17
76269775,Law,male,Senior,26
91016664,Economics,male,Freshman,18
8095325,Business,female,Freshman,20
43180472,Business,male,Freshman,15
86711284,Business,female,Junior,22
70436758,English,female,Senior,22
58297758,English,male,Junior,24
16692291,English,female,Junior,20
31924860,IndustrialEngineering,female,Freshman,18
68832202,PoliticalScience,female,Junior,21
87834789,Law,male,Junior,19
55527586,Economics,female,Senior,22
60872290,PoliticalScience,male,Sophomore,21
83719976,Mathematics,male,Senior,22
575258,Law,male,Sophomore,18
8555759,Business,female,Senior,21
73766229,Biology,female,Senior,25
89244983,PoliticalScience,male,Senior,25
87739083,Mathematics,male,Junior,24
51627275,ElectricalEngineering,male,Freshman,16
70054117,Law,female,Senior,24
68841339,Economics,female,Senior,23
33391985,Economics,female,Junior,19
46197562,English,female,Junior,20
97881847,Law,female,Senior,25
1030124,ComputerScience,female,Sophomore,22
2461998,Law,male,Freshman,20
81372249,ElectricalEngineering,male,Senior,23
19558635,ElectricalEngineering,female,Senior,26
82207955,PoliticalScience,male,Freshman,19
92248297,English,male,Freshman,15
96660833,Mathematics,female,Sophomore,19
16621563,ElectricalEngineering,male,Sophomore,19
3700881,Biology,female,Sophomore,22
68930631,Biology,female,Senior,26
20408335,Law,female,Junior,24
34946481,PoliticalScience,female,Freshman,20
72778524,Mathematics,female,Freshman,17
22050177,ComputerScience,female,Junior,21
13983492,English,male,Junior,19
82302836,Biology,female,Senior,21
1213563,Economics,male,Freshman,16
28091121,Biology,female,Freshman,16
92784200,English,female,Freshman,15
61959132,Business,male,Junior,24
25524922,ComputerScience,female,Junior,22
81530368,PoliticalScience,male,Junior,23
50763820,Mathematics,male,Freshman,20
5705163,PoliticalScience,female,Junior,24
97173648,Economics,male,Freshman,18
17661957,English,female,Junior,23
44086500,Biology,female,Senior,26
63496253,English,female,Junior,21
24117802,IndustrialEngineering,male,Freshman,16
75472562,ElectricalEngineering,male,Freshman,17
3599863,English,female,Senior,26
19791372,IndustrialEngineering,male,Freshman,18
38479153,ComputerScience,female,Junior,22
39846398,Business,male,Senior,26
59613864,Biology,female,Freshman,17
21449449,Economics,male,Sophomore,21
89098670,ComputerScience,female,Freshman,20
82036541,ElectricalEngineering,male,Sophomore,21
98825394,ComputerScience,female,Junior,19
84873907,IndustrialEngineering,female,Freshman,15
3184473,English,female,Freshman,18
38673875,ElectricalEngineering,female,Junior,24
38152384,ElectricalEngineering,female,Junior,21
32313156,Biology,male,Freshman,16
37367689,English,female,Freshman,19
27410907,Law,male,Junior,19
84564491,English,female,Sophomore,21
64789946,Economics,female,Senior,22
73574327,Business,male,Senior,21
51420621,Business,male,Junior,24
37028439,ComputerScience,female,Sophomore,18
25030764,Law,female,Senior,24
30893604,English,female,Senior,25
45014157,Business,male,Senior,22
67440959,Biology,female,Freshman,19
35147129,Economics,male,Senior,22
43562948,English,female,Junior,20
75325085,PoliticalScience,male,Freshman,20
71800120,English,female,Junior,20
22606946,Business,female,Freshman,17
19194902,IndustrialEngineering,male,Junior,20
71327495,English,female,Senior,23
56891694,IndustrialEngineering,female,Senior,23
16754493,PoliticalScience,male,Freshman,18
43418363,ElectricalEngineering,female,Senior,22
36052223,IndustrialEngineering,male,Sophomore,19
75060284,Biology,female,Senior,26
79121786,PoliticalScience,male,Sophomore,17
51631744,Law,male,Freshman,15
72144452,Business,male,Junior,22
90761505,ComputerScience,female,Sophomore,18
76268687,English,female,Senior,21
22084067,Biology,male,Senior,21
22020549,Economics,female,Sophomore,20
10794677,Law,female,Junior,23
82209073,Business,female,Freshman,17
3370313,PoliticalScience,female,Senior,26
80749115,Economics,male,Senior,22
30867941,IndustrialEngineering,female,Freshman,16
10305552,PoliticalScience,female,Senior,24
70744032,PoliticalScience,male,Junior,20
14927679,IndustrialEngineering,male,Freshman,20
62194456,Law,female,Sophomore,20
4833012,ComputerScience,female,Junior,21
14584120,Law,female,Freshman,16
52768833,ElectricalEngineering,female,Sophomore,22
10121722,Economics,male,Sophomore,21
44125587,Economics,female,Sophomore,17
24468506,Biology,male,Sophomore,17
92963300,ComputerScience,male,Sophomore,19
27098352,English,female,Senior,23
440836,English,male,Freshman,20
48234333,Economics,male,Junior,20
88216725,ElectricalEngineering,female,Freshman,16
65958166,PoliticalScience,male,Sophomore,19
28988719,ComputerScience,male,Freshman,15
39609454,ElectricalEngineering,female,Freshman,17
79341313,Economics,male,Freshman,20
96897174,Business,male,Junior,22
15584988,Law,male,Freshman,18
51452052,Law,male,Sophomore,17
61574088,Business,female,Freshman,18
32615771,ElectricalEngineering,female,Senior,21
24522998,English,male,Junior,23
63340043,ElectricalEngineering,male,Freshman,19
46803913,Law,female,Senior,21
31683369,ComputerScience,male,Senior,24
8063238,PoliticalScience,male,Senior,22
18335439,Law,female,Sophomore,20
37527945,Biology,female,Senior,24
20514716,ComputerScience,female,Junior,20
90523956,Biology,female,Sophomore,20
28092585,ComputerScience,female,Freshman,18
48334603,English,female,Sophomore,20
3752090,Economics,female,Freshman,16
6394456,English,male,Junior,24
11625162,Law,female,Junior,20
93102065,Economics,female,Junior,24
66601885,Economics,female,Junior,24
82853753,IndustrialEngineering,male,Sophomore,18
1709245,ComputerScience,male,Freshman,17
56576247,PoliticalScience,female,Sophomore,17
8559389,Business,male,Sophomore,20
8423910,PoliticalScience,female,Freshman,16
49353844,PoliticalScience,male,Freshman,16
55378965,ElectricalEngineering,female,Sophomore,17
33470731,Business,female,Junior,23
13424585,English,male,Junior,23
92017252,Economics,male,Freshman,16
92665460,ComputerScience,male,Sophomore,18
98047773,IndustrialEngineering,female,Junior,22
31711050,IndustrialEngineering,female,Freshman,18
40934531,English,male,Junior,23
51916850,Biology,male,Sophomore,21
74597107,PoliticalScience,female,Freshman,16
97388424,ComputerScience,female,Sophomore,19
5935273,ElectricalEngineering,male,Sophomore,19
51138705,Law,female,Sophomore,17
18274724,Business,male,Junior,21
18812858,ElectricalEngineering,male,Junior,22
38661595,Economics,female,Sophomore,21
58344115,English,female,Freshman,20
97627720,Law,male,Freshman,20
32546561,Mathematics,male,Sophomore,19
19785549,Economics,female,Senior,23
14621976,Mathematics,female,Sophomore,19
48410906,IndustrialEngineering,male,Senior,26
88313686,Mathematics,female,Sophomore,19
90090473,PoliticalScience,male,Sophomore,19
2876121,Mathematics,female,Sophomore,19
73783396,PoliticalScience,female,Junior,20
18893927,Mathematics,male,Junior,23
75340596,Biology,male,Freshman,20
84281561,PoliticalScience,female,Sophomore,20
3775678,Economics,male,Freshman,17
61726186,ElectricalEngineering,female,Sophomore,22
56230074,IndustrialEngineering,female,Freshman,15
35664613,IndustrialEngineering,male,Freshman,16
83367744,IndustrialEngineering,male,Senior,26
4782363,Biology,female,Freshman,19
91459415,IndustrialEngineering,male,Senior,21
29310195,IndustrialEngineering,male,Freshman,19
87527132,IndustrialEngineering,male,Senior,23
51054378,PoliticalScience,female,Junior,20
62298678,Mathematics,male,Freshman,17
13809505,Mathematics,female,Sophomore,20
96225727,Mathematics,female,Freshman,20
77925032,Mathematics,female,Junior,20
67683085,ElectricalEngineering,male,Freshman,19
24494946,Mathematics,female,Senior,26
8325888,Biology,female,Junior,22
17017494,IndustrialEngineering,male,Junior,22
88523356,IndustrialEngineering,female,Junior,19
68747705,PoliticalScience,female,Freshman,20
59654485,PoliticalScience,female,Sophomore,22
60176713,Mathematics,female,Senior,26
78743215,Biology,male,Freshman,19
89166048,Biology,male,Junior,23
58604587,Business,female,Freshman,15
11955451,English,female,Freshman,15
50275840,IndustrialEngineering,female,Sophomore,22
29184966,IndustrialEngineering,female,Junior,22
69282661,Biology,male,Freshman,18
43353656,Economics,female,Sophomore,20
67534057,IndustrialEngineering,female,Sophomore,22
6531670,Mathematics,male,Junior,24
59027385,Economics,male,Junior,23
12256976,Biology,female,Junior,24
63891286,Economics,female,Sophomore,20
28625387,ComputerScience,male,Sophomore,17
44976344,Law,male,Junior,19
49627277,Mathematics,female,Senior,26
34320146,Economics,female,Junior,24
9925683,Business,female,Freshman,19
77313914,Law,male,Sophomore,20
99974977,Business,female,Sophomore,20
23400393,ComputerScience,male,Freshman,16
83448021,Economics,male,Junior,24
82765702,English,female,Junior,21
76895830,Law,male,Senior,22
45206529,Business,female,Sophomore,19
57277938,IndustrialEngineering,female,Senior,25
32667852,ElectricalEngineering,male,Freshman,17
43696458,ElectricalEngineering,female,Senior,24
90234327,ElectricalEngineering,female,Senior,21
73786088,English,female,Sophomore,20
99495934,Economics,female,Junior,22
69140796,English,female,Freshman,19
977750,Biology,male,Freshman,17
42244008,IndustrialEngineering,female,Freshman,15
16715374,ElectricalEngineering,female,Senior,25
86627505,Business,female,Junior,22
70377601,Mathematics,male,Freshman,16
72982248,Biology,male,Senior,23
6974280,ElectricalEngineering,female,Junior,20
33964543,English,male,Sophomore,19
12151929,ComputerScience,male,Junior,23
88184040,Law,female,Junior,22
2049979,Biology,female,Freshman,20
73911592,ComputerScience,female,Freshman,18
11947862,IndustrialEngineering,female,Senior,24
37609953,Economics,male,Freshman,20
55093406,Economics,female,Sophomore,22
66698410,ElectricalEngineering,female,Freshman,20
75867303,Biology,female,Freshman,16
31050655,English,female,Senior,25
14481403,Business,male,Junior,24
1618152,Economics,female,Freshman,15
71196983,Biology,male,Sophomore,20
58533726,Law,female,Junior,21
2385967,IndustrialEngineering,female,Freshman,20
40684385,PoliticalScience,female,Junior,21
88177284,Biology,male,Junior,22
88836211,Mathematics,female,Sophomore,20
72860453,Biology,male,Freshman,18
18501143,IndustrialEngineering,female,Senior,24
6865487,ComputerScience,female,Senior,24
93685358,PoliticalScience,male,Freshman,20
8129462,ComputerScience,male,Senior,25
44121522,English,male,Sophomore,18
67179405,English,male,Freshman,18
80562047,IndustrialEngineering,male,Sophomore,21
18159819,IndustrialEngineering,female,Senior,26
42127602,ElectricalEngineering,male,Senior,22
11723843,ElectricalEngineering,female,Senior,24
21943571,ComputerScience,male,Junior,20
38540668,ElectricalEngineering,female,Senior,21
61311420,Economics,male,Junior,22
63913323,English,male,Sophomore,18
50255523,Economics,female,Sophomore,17
50400800,Law,female,Freshman,15
55247617,Mathematics,male,Sophomore,17
3329618,English,male,Freshman,17
86463868,Biology,female,Freshman,18
83160873,English,female,Freshman,16
81681368,English,female,Junior,21
66222251,ElectricalEngineering,female,Senior,23
87045521,ElectricalEngineering,female,Junior,21
92266186,ElectricalEngineering,male,Sophomore,18
68575392,Business,female,Junior,22
38867839,Law,male,Senior,26
38674426,PoliticalScience,male,Senior,24
4215342,ElectricalEngineering,female,Sophomore,21
59091503,ElectricalEngineering,female,Sophomore,19
85782035,Economics,male,Junior,20
23247848,Mathematics,male,Sophomore,21
91736430,IndustrialEngineering,male,Junior,19
4203553,English,male,Senior,23
18335511,Mathematics,male,Junior,20
64085887,ComputerScience,female,Sophomore,17
47964735,Economics,female,Junior,20
36919270,Biology,female,Junior,22
15742574,PoliticalScience,male,Sophomore,18
79779856,Biology,male,Freshman,19
99038580,ElectricalEngineering,male,Senior,24
68195380,ElectricalEngineering,female,Senior,25
83406308,English,male,Senior,23
8573078,Economics,male,Junior,20
54203480,Mathematics,female,Senior,22
35721956,Law,female,Junior,21
25291190,Mathematics,male,Junior,22
61761726,Business,male,Junior,21
73322469,ComputerScience,male,Sophomore,22
10048939,Law,male,Sophomore,17
32739920,PoliticalScience,female,Junior,23
60395182,English,male,Senior,22
56173361,IndustrialEngineering,female,Freshman,19
61755559,Mathematics,male,Junior,23
36392683,Business,female,Senior,26
46530257,Law,male,Junior,23
95080969,Economics,male,Senior,24
65098127,Biology,female,Sophomore,18
39805819,ComputerScience,female,Senior,25
8583355,IndustrialEngineering,male,Sophomore,22
81695612,ElectricalEngineering,female,Junior,24
33570265,ElectricalEngineering,male,Junior,23
15015634,ComputerScience,female,Sophomore,18
68668658,ElectricalEngineering,male,Junior,24
42993512,Business,female,Sophomore,18
4248255,IndustrialEngineering,female,Junior,22
87474057,Biology,female,Senior,24
12402116,Economics,female,Senior,24
80407133,Law,male,Senior,22
6843139,English,male,Senior,23
75759870,Biology,male,Sophomore,20
9951795,English,male,Senior,25
21429788,Mathematics,female,Senior,22
53096285,Economics,female,Senior,23
38573968,Business,female,Senior,24
45316593,English,female,Senior,21
14227949,Law,male,Junior,22
13290154,Business,female,Junior,24
35172216,IndustrialEngineering,male,Junior,23
75286626,English,male,Junior,22
8848862,ComputerScience,female,Sophomore,22
36035790,Economics,male,Sophomore,19
49536332,Business,male,Sophomore,17
86828448,Economics,female,Freshman,20
5586352,Mathematics,female,Freshman,19
77619747,ElectricalEngineering,male,Freshman,20
62141115,Biology,male,Senior,21
54167039,IndustrialEngineering,female,Freshman,20
38426465,Economics,female,Freshman,18
35191887,ElectricalEngineering,male,Junior,19
48020425,English,female,Freshman,15
44985326,Mathematics,female,Sophomore,22
15891145,Business,male,Junior,24
15064953,ElectricalEngineering,female,Sophomore,17
61707333,Business,female,Sophomore,20
23431791,Business,male,Senior,22
67496737,Economics,male,Sophomore,18
62654641,PoliticalScience,male,Freshman,17
35156203,English,male,Sophomore,21
31726051,Business,male,Junior,20
12906776,ComputerScience,male,Sophomore,21
98476771,Economics,female,Senior,26
61311505,Business,male,Senior,23
265295,Mathematics,female,Freshman,16
48027100,IndustrialEngineering,female,Junior,21
83817992,Biology,female,Senior,26
37114418,PoliticalScience,male,Senior,25
64964840,English,male,Freshman,18
74983314,IndustrialEngineering,female,Senior,26
39170384,ComputerScience,female,Freshman,19
29993538,ElectricalEngineering,female,Junior,24
8834783,ComputerScience,female,Freshman,19
16802049,Economics,female,Sophomore,17
47621356,ComputerScience,female,Senior,23
91604968,PoliticalScience,male,Sophomore,22
73264309,Law,male,Freshman,18
30299109,Economics,male,Sophomore,19
89023407,Economics,female,Senior,23
37138086,English,female,Senior,21
73804386,ElectricalEngineering,male,Freshman,16
68335784,ComputerScience,male,Freshman,15
50865672,Biology,female,Junior,22
70982743,Biology,female,Sophomore,21
66027124,Mathematics,male,Senior,22
29761592,Economics,male,Junior,19
46665701,Business,male,Junior,21
16463422,Business,male,Freshman,18
34123668,ElectricalEngineering,male,Senior,21
67431219,Biology,female,Freshman,18
64994347,IndustrialEngineering,female,Senior,22
21538562,English,female,Senior,24
9798667,PoliticalScience,female,Junior,19
1428990,Mathematics,female,Freshman,17
57200358,Law,female,Senior,26
15223639,English,female,Senior,24
64715922,Economics,male,Senior,23
4077324,Business,female,Freshman,17
10663129,Biology,female,Junior,23
11525052,Biology,female,Sophomore,17
45796087,ComputerScience,male,Freshman,20
97760505,IndustrialEngineering,female,Sophomore,22
46601997,Biology,male,Sophomore,20
29881876,IndustrialEngineering,female,Junior,22
41660809,ComputerScience,male,Senior,24
25773792,PoliticalScience,male,Freshman,16
54819088,PoliticalScience,male,Freshman,15
59689652,PoliticalScience,male,Sophomore,18
66576461,IndustrialEngineering,male,Freshman,15
24489603,PoliticalScience,male,Junior,23
88866019,English,female,Junior,19
43810091,IndustrialEngineering,male,Senior,24
16384095,Economics,male,Senior,26
97989592,ComputerScience,male,Junior,19
18236850,Mathematics,female,Sophomore,22
84403436,PoliticalScience,female,Sophomore,18
51910803,Business,female,Senior,21
4749097,Law,female,Sophomore,22
85988418,ComputerScience,female,Sophomore,19
81348378,English,female,Sophomore,20
14458084,Law,female,Freshman,20
63575875,English,female,Junior,20
2166402,ElectricalEngineering,male,Sophomore,22
42002209,Business,male,Senior,25
37912593,English,female,Sophomore,20
51060952,Economics,female,Junior,21
54235984,Business,male,Senior,26
87156475,PoliticalScience,female,Sophomore,17
77401871,Business,female,Junior,24
16524656,Mathematics,female,Senior,22
46436737,IndustrialEngineering,female,Freshman,16
41248399,Business,female,Senior,26
32339437,Biology,female,Senior,26
50597069,ElectricalEngineering,female,Junior,20
27239743,ElectricalEngineering,male,Sophomore,21
22266886,ElectricalEngineering,male,Junior,19
77209991,Law,female,Freshman,20
73871250,Economics,female,Senior,26
80080718,Biology,female,Sophomore,19
75151298,ElectricalEngineering,female,Freshman,20
57421134,ElectricalEngineering,female,Junior,23
21709270,Law,female,Junior,20
11875452,PoliticalScience,male,Junior,19
68682245,Mathematics,female,Freshman,17
76204815,ComputerScience,male,Freshman,15
57675148,Mathematics,female,Sophomore,20
5498378,ComputerScience,male,Junior,21
53916706,Biology,female,Freshman,20
75049761,Economics,female,Senior,21
46069512,PoliticalScience,male,Junior,21
40773896,English,female,Freshman,18
37412645,Business,female,Sophomore,21
10866302,ElectricalEngineering,female,Senior,24
90951816,Economics,male,Junior,22
6178306,Mathematics,male,Senior,24
15936968,Mathematics,male,Sophomore,21
55198497,ElectricalEngineering,male,Junior,24
17869304,Mathematics,male,Freshman,20
75002114,Economics,female,Freshman,18
32093581,English,female,Freshman,20
20325162,ComputerScience,male,Freshman,15
97768807,Law,female,Freshman,20
36384326,PoliticalScience,female,Junior,22
83299737,PoliticalScience,male,Junior,20
53816068,Mathematics,male,Freshman,16
30448406,IndustrialEngineering,male,Sophomore,21
85069282,Biology,female,Senior,23
82938706,Mathematics,male,Junior,23
4844936,PoliticalScience,male,Senior,25
94589399,Business,female,Sophomore,19
79075827,IndustrialEngineering,female,Freshman,15
1880606,ElectricalEngineering,female,Junior,20
22658501,Business,male,Freshman,17
36305397,Mathematics,male,Senior,25
45741816,IndustrialEngineering,male,Freshman,16
46802434,Law,male,Junior,21
9337920,Biology,male,Sophomore,19
5648406,PoliticalScience,male,Senior,23
55786170,Economics,female,Junior,22
80512955,Economics,male,Junior,20
20263962,Mathematics,female,Sophomore,18
24117766,Mathematics,female,Senior,21
88707174,PoliticalScience,female,Freshman,20
85700460,Law,male,Sophomore,19
10576237,Mathematics,female,Sophomore,21
77836620,Biology,female,Sophomore,17
19250493,ComputerScience,female,Junior,23
58984344,Business,female,Sophomore,21
57869340,Economics,female,Junior,20
11193389,Biology,female,Freshman,18
52882487,Law,male,Junior,24
38638693,Biology,female,Freshman,18
24733265,ElectricalEngineering,male,Junior,23
6770238,Biology,male,Sophomore,20
94632997,Law,female,Junior,20
29646074,English,female,Senior,23
76148093,Business,female,Sophomore,19
10073699,Law,male,Junior,20
62250347,Economics,female,Senior,22
65017113,Biology,male,Senior,24
2101327,Law,male,Junior,20
23566346,Business,female,Sophomore,21
98011575,Mathematics,female,Senior,24
22047208,Economics,female,Freshman,16
56995668,ElectricalEngineering,male,Senior,23
3295337,Law,female,Freshman,17
34794834,Biology,female,Freshman,16
92478746,Mathematics,male,Senior,26
20143798,PoliticalScience,female,Freshman,16
42110756,ComputerScience,male,Sophomore,18
47102756,PoliticalScience,male,Sophomore,19
60024910,Law,male,Sophomore,21
53209175,ElectricalEngineering,female,Junior,23
83207989,English,male,Senior,24
18515138,Mathematics,female,Sophomore,20
30812885,IndustrialEngineering,female,Senior,25
45581203,Biology,male,Freshman,16
2094386,ComputerScience,female,Freshman,16
34508919,IndustrialEngineering,male,Freshman,20
54762684,ComputerScience,male,Sophomore,19
41931495,ElectricalEngineering,male,Senior,22
45005600,Law,male,Senior,23
9315203,ElectricalEngineering,female,Freshman,19
57070949,English,female,Junior,22
81725651,English,male,Junior,24
24308196,PoliticalScience,female,Junior,20
46342478,PoliticalScience,female,Junior,22
45492774,IndustrialEngineering,female,Senior,23
97169717,ComputerScience,female,Junior,23
90402667,ElectricalEngineering,female,Freshman,19
52854690,English,female,Senior,24
65513686,English,male,Freshman,19
54094303,Economics,male,Freshman,15
98039415,IndustrialEngineering,male,Junior,23
73882715,Business,male,Sophomore,18
73533818,Law,male,Senior,25
22902618,Law,male,Sophomore,20
77682493,ComputerScience,male,Freshman,17
75626869,IndustrialEngineering,male,Sophomore,22
8541028,Biology,female,Junior,20
62790268,Business,female,Sophomore,20
20068445,ElectricalEngineering,male,Freshman,20
144855,Business,female,Junior,23
16064704,PoliticalScience,male,Sophomore,17
82430372,Law,female,Senior,23
64888391,PoliticalScience,female,Freshman,20
23649966,Law,female,Senior,26
77823892,PoliticalScience,female,Senior,22
85694861,Business,female,Sophomore,19
74692608,PoliticalScience,male,Junior,24
95190531,Biology,female,Sophomore,22
36148955,English,female,Sophomore,17
85302661,ElectricalEngineering,female,Sophomore,20
35782507,IndustrialEngineering,female,Sophomore,20
35235915,English,female,Freshman,16
62166923,PoliticalScience,female,Freshman,19
60814132,Law,male,Junior,23
30228513,Business,female,Freshman,17
54493772,ComputerScience,female,Sophomore,21
56109959,English,female,Junior,22
5009459,ElectricalEngineering,female,Senior,23
17163751,Biology,female,Sophomore,22
37615808,Business,male,Senior,21
4857868,ElectricalEngineering,female,Sophomore,18
30323656,Mathematics,female,Junior,21
72194037,English,female,Senior,24
29243033,Biology,female,Freshman,20
27666347,Business,female,Freshman,20
8931042,Economics,female,Freshman,20
53046871,Mathematics,female,Junior,19
94156007,IndustrialEngineering,male,Senior,26
8448141,Law,female,Junior,23
21659182,Business,female,Freshman,15
99987429,ElectricalEngineering,male,Senior,25
69011643,PoliticalScience,female,Freshman,18
72578254,Mathematics,female,Sophomore,21
7635611,Law,male,Sophomore,19
67524216,PoliticalScience,female,Junior,21
31068255,ElectricalEngineering,female,Senior,21
18980264,IndustrialEngineering,male,Junior,20
10422011,Mathematics,female,Junior,19
99083051,Mathematics,male,Freshman,20
96320271,IndustrialEngineering,male,Freshman,19
91271915,Mathematics,male,Sophomore,18
54699412,Economics,male,Sophomore,19
27185852,IndustrialEngineering,female,Junior,20
9957093,Economics,female,Sophomore,17
68687391,English,female,Freshman,18
52728008,English,male,Junior,22
68253372,Biology,male,Senior,23
36187712,ComputerScience,male,Senior,25
76620854,Law,female,Sophomore,18
22328649,ComputerScience,female,Freshman,20
28436015,ComputerScience,male,Junior,24
96204752,PoliticalScience,male,Freshman,18
43733283,ElectricalEngineering,female,Sophomore,21
60758242,Mathematics,male,Senior,23
97240708,ComputerScience,female,Sophomore,17
25317426,Economics,male,Senior,22
20303256,Mathematics,male,Junior,22
76911408,Economics,male,Senior,22
72241835,ElectricalEngineering,male,Junior,23
88029073,IndustrialEngineering,male,Junior,23
1808789,ComputerScience,male,Sophomore,18
86560832,Biology,male,Freshman,17
89926571,Economics,female,Freshman,15
6002279,ElectricalEngineering,male,Freshman,18
99433997,PoliticalScience,male,Freshman,16
81995327,ComputerScience,male,Freshman,19
37831238,Business,female,Junior,22
70349140,Mathematics,male,Senior,24
83912050,Biology,female,Freshman,18
56847384,ComputerScience,male,Senior,25
15264115,Economics,female,Freshman,16
42798960,Law,female,Sophomore,22
79209354,Biology,male,Freshman,18
62479009,PoliticalScience,female,Junior,21
96298333,PoliticalScience,male,Freshman,15
52684259,Mathematics,male,Junior,23
83783215,PoliticalScience,male,Junior,24
84611871,Economics,male,Sophomore,22
80134587,English,male,Freshman,15
31889111,ElectricalEngineering,female,Sophomore,22
39776612,Economics,female,Freshman,20
51450158,Business,male,Junior,24
30996707,IndustrialEngineering,male,Sophomore,22
31085584,IndustrialEngineering,male,Senior,24
18403547,Law,female,Senior,21
10988434,Business,male,Sophomore,17
55360449,IndustrialEngineering,female,Junior,20
50011572,English,male,Freshman,19
42264246,Biology,male,Junior,20
40196255,Biology,male,Senior,21
91478123,Biology,male,Junior,22
35614153,IndustrialEngineering,male,Senior,21
55296440,Law,female,Senior,24
85616230,PoliticalScience,male,Senior,25
19231854,ElectricalEngineering,male,Freshman,20
14306503,Biology,female,Sophomore,22
1529155,English,male,Freshman,19
70611190,IndustrialEngineering,male,Freshman,16
46042416,ComputerScience,male,Junior,24
86425604,ElectricalEngineering,male,Freshman,18
59480666,Mathematics,female,Junior,24
51222700,Law,male,Senior,26
61458673,English,female,Sophomore,19
56182210,English,male,Sophomore,19
41465171,ComputerScience,male,Junior,20
95095011,Economics,female,Freshman,15
43340682,PoliticalScience,male,Senior,24
54709933,Economics,female,Sophomore,18
80061722,ElectricalEngineering,female,Freshman,19
365471,Business,male,Freshman,19
7823384,ElectricalEngineering,male,Senior,23
84568070,Law,female,Junior,23
9716999,ComputerScience,male,Junior,19
25663425,Business,female,Sophomore,20
85797069,ElectricalEngineering,female,Junior,19
38224082,PoliticalScience,male,Sophomore,20
42641522,ComputerScience,male,Senior,22
32462345,Law,male,Senior,22
42570909,English,female,Freshman,16
73838815,Economics,male,Junior,19
78635851,English,female,Freshman,16
34530854,PoliticalScience,female,Junior,20
20852818,Mathematics,female,Freshman,16
57228242,Business,male,Senior,21
88511080,English,male,Junior,19
76174411,English,male,Senior,26
51264317,Law,female,Sophomore,19
92672018,ComputerScience,female,Junior,23
53503094,Mathematics,male,Freshman,16
2151707,Law,male,Freshman,15
43129661,ComputerScience,female,Senior,23
8058726,Mathematics,female,Sophomore,17
70808056,Biology,female,Freshman,19
46159321,Mathematics,female,Senior,21
6654207,ComputerScience,female,Senior,21
60392039,Mathematics,male,Sophomore,18
44197148,Economics,male,Freshman,16
48908330,Law,female,Freshman,18
72521004,Mathematics,male,Freshman,15
96913473,Mathematics,male,Sophomore,19
60633673,Biology,female,Sophomore,20
55237618,ComputerScience,male,Junior,20
86256357,Law,female,Junior,23
52955661,Law,female,Freshman,16
1367339,ElectricalEngineering,male,Senior,26
17976808,ElectricalEngineering,female,Senior,23
54710327,Mathematics,female,Sophomore,22
58148048,PoliticalScience,male,Freshman,20
66487969,Biology,female,Freshman,17
92240798,Mathematics,female,Senior,24
54594877,ComputerScience,male,Sophomore,18
54670499,Economics,male,Junior,23
16860416,Law,female,Junior,19
94807838,English,female,Sophomore,18
32652757,PoliticalScience,female,Freshman,17
71760688,Biology,male,Junior,20
66645974,English,female,Junior,24
36597605,Mathematics,male,Sophomore,22
34868977,ComputerScience,male,Junior,22
84178637,English,female,Sophomore,22
49983797,PoliticalScience,female,Sophomore,19
17458076,Economics,male,Sophomore,17
80803722,ElectricalEngineering,female,Senior,21
37192829,PoliticalScience,male,Freshman,15
51064945,Law,male,Sophomore,17
25926386,ComputerScience,male,Freshman,18
24372696,English,female,Junior,23
24445533,Law,female,Freshman,17
42422653,English,male,Freshman,19
7153419,Business,male,Sophomore,21
89260964,English,male,Senior,26
11005769,Biology,female,Senior,23
9652191,IndustrialEngineering,male,Sophomore,18
9661236,PoliticalScience,female,Freshman,15
87221836,ComputerScience,male,Freshman,16
25328044,Mathematics,male,Freshman,19
59595865,Law,female,Junior,23
88937663,PoliticalScience,female,Senior,21
87664778,English,female,Senior,23
377154,Law,male,Freshman,15
30189135,English,male,Junior,23
49712871,PoliticalScience,female,Sophomore,17
87930418,IndustrialEngineering,male,Sophomore,22
53116975,English,female,Senior,24
42545664,PoliticalScience,female,Junior,24
63905007,PoliticalScience,female,Junior,21
63427892,Biology,female,Junior,20
55791122,English,female,Senior,21
16972585,PoliticalScience,female,Junior,23
91612133,Economics,male,Senior,25
3495279,IndustrialEngineering,male,Junior,22
99082890,Law,male,Freshman,19
79850623,Economics,female,Freshman,19
83016029,Law,male,Junior,23
27060755,Biology,female,Freshman,19
76530766,Mathematics,female,Sophomore,22
9233361,ComputerScience,male,Freshman,16
54223886,Economics,female,Junior,21
75739833,IndustrialEngineering,female,Senior,24
7200279,English,male,Junior,23
39790806,Law,female,Senior,25
95201604,Biology,female,Junior,23
37031073,Business,male,Freshman,15
45908411,Business,female,Sophomore,20
88099398,Mathematics,female,Senior,23
49665643,PoliticalScience,female,Senior,25
85212660,Economics,male,Freshman,20
73260686,Economics,male,Senior,22
94158393,PoliticalScience,female,Sophomore,19
13559666,Mathematics,female,Junior,22
78947002,ComputerScience,female,Sophomore,18
47256646,Economics,male,Senior,25
20602282,IndustrialEngineering,female,Senior,25
17498106,ComputerScience,female,Sophomore,21
12308586,ElectricalEngineering,male,Senior,23
69167798,ComputerScience,male,Freshman,16
85225077,ComputerScience,female,Sophomore,20
71975197,ElectricalEngineering,female,Senior,22
51880714,Economics,male,Junior,21
98069819,Law,female,Junior,21
16426207,ElectricalEngineering,female,Senior,22
23009924,English,male,Junior,24
64038826,Economics,female,Senior,22
21044986,ComputerScience,male,Sophomore,21
2350809,IndustrialEngineering,female,Junior,23
62172986,ElectricalEngineering,male,Junior,21
76408736,ElectricalEngineering,male,Junior,19
50777147,ComputerScience,female,Freshman,20
54664623,Economics,female,Senior,22
11846973,PoliticalScience,female,Junior,22
96683522,Economics,female,Freshman,15
42634329,Law,female,Senior,24
93329424,Economics,male,Senior,24
32344067,ComputerScience,male,Freshman,20
72558875,Law,male,Junior,23
64552771,Mathematics,female,Sophomore,21
10488474,ElectricalEngineering,female,Junior,20
97143842,ComputerScience,female,Freshman,17
3912136,Mathematics,male,Freshman,15
64871226,Biology,male,Senior,23
25217399,IndustrialEngineering,male,Junior,21
11523877,Economics,male,Sophomore,17
2681324,Mathematics,female,Junior,24
68341072,ElectricalEngineering,female,Junior,20
31653255,IndustrialEngineering,female,Sophomore,21
39323242,IndustrialEngineering,female,Sophomore,20
56595326,Business,female,Junior,23
62205800,Business,male,Junior,24
94320187,PoliticalScience,male,Freshman,20
25016779,IndustrialEngineering,male,Senior,23
21126644,PoliticalScience,female,Junior,20
29251938,Law,male,Sophomore,22
64555037,IndustrialEngineering,female,Junior,19
23160039,Biology,male,Senior,22
30835680,Mathematics,female,Junior,20
69112759,ElectricalEngineering,male,Sophomore,18
47536618,ElectricalEngineering,female,Freshman,16
49905357,Economics,female,Sophomore,21
64921598,PoliticalScience,male,Freshman,20
68261138,PoliticalScience,male,Senior,25
57264308,Economics,male,Freshman,19
1107647,Economics,male,Junior,20
16272506,ComputerScience,male,Junior,21
31435497,Mathematics,male,Senior,26
41998002,IndustrialEngineering,female,Sophomore,21
33184069,Business,male,Junior,20
4441265,Business,female,Freshman,19
32487855,Business,female,Senior,25
83175012,Business,male,Junior,24
81042069,IndustrialEngineering,male,Freshman,19
28613802,Law,male,Sophomore,22
3078211,Business,male,Freshman,19
78062862,Law,male,Sophomore,21
97070711,ElectricalEngineering,female,Senior,22
74544184,Law,male,Junior,22
39730353,English,female,Sophomore,19
12176774,Economics,female,Freshman,17
78016188,Biology,female,Senior,24
6717611,IndustrialEngineering,female,Freshman,19
74169753,PoliticalScience,female,Senior,26
52897454,Economics,male,Sophomore,19
19338371,Economics,male,Freshman,18
14484712,ComputerScience,male,Freshman,16
18982510,ComputerScience,male,Senior,21
27415644,ElectricalEngineering,male,Freshman,17
7476136,Biology,female,Senior,25
42428669,Biology,male,Freshman,18
9558093,Economics,female,Sophomore,22
5737572,Law,female,Junior,21
7015082,PoliticalScience,male,Sophomore,22
5523437,Business,male,Senior,21
11077262,Mathematics,male,Freshman,19
31104786,PoliticalScience,female,Sophomore,18
81726389,Law,female,Junior,24
31738600,Business,female,Freshman,18
71136561,Biology,female,Junior,23
44901270,ComputerScience,male,Senior,21
89309684,Law,male,Senior,24
7012618,Mathematics,male,Freshman,19
84215267,IndustrialEngineering,male,Freshman,18
3246054,Business,female,Senior,23
79467582,Law,female,Senior,24
75371401,Business,female,Sophomore,18
16968466,Economics,male,Junior,22
24509768,ComputerScience,female,Junior,19
53460678,English,male,Freshman,20
10991994,PoliticalScience,female,Senior,24
11506883,Mathematics,female,Freshman,16
76712527,ComputerScience,female,Sophomore,18
64297088,Business,male,Sophomore,21
43778752,ElectricalEngineering,male,Senior,21
36650198,Economics,female,Sophomore,21
21538471,Mathematics,female,Freshman,20
63924511,English,male,Senior,26
60597741,Mathematics,male,Senior,24
79199727,Mathematics,male,Senior,24
59178960,English,female,Freshman,20
39297285,PoliticalScience,female,Junior,20
19190347,ElectricalEngineering,female,Junior,23
89384066,PoliticalScience,female,Junior,21
50443525,Mathematics,female,Senior,26
43998068,ElectricalEngineering,male,Junior,24
45740818,IndustrialEngineering,male,Senior,26
38956823,Biology,male,Freshman,18
26948631,Business,male,Freshman,16
3758349,ComputerScience,male,Senior,24
23050207,IndustrialEngineering,female,Sophomore,19
82137507,IndustrialEngineering,female,Freshman,17
5154570,PoliticalScience,male,Junior,19
12566292,Economics,female,Senior,24
81629559,ElectricalEngineering,male,Senior,24
54759856,PoliticalScience,female,Senior,21
44544016,English,female,Senior,23
20755241,Business,female,Junior,20
5568302,ElectricalEngineering,male,Freshman,17
35016290,Mathematics,male,Junior,22
22579787,ComputerScience,female,Junior,19
88537699,Mathematics,female,Sophomore,20
37891917,ComputerScience,female,Sophomore,21
62114301,Law,female,Junior,23
38836296,ComputerScience,male,Junior,23
72712654,ElectricalEngineering,male,Freshman,18
79202305,ElectricalEngineering,female,Sophomore,21
76904414,ElectricalEngineering,female,Sophomore,19
38300893,Biology,male,Freshman,16
36125336,ComputerScience,male,Junior,19
69969072,IndustrialEngineering,male,Sophomore,21
84197257,Mathematics,female,Junior,24
29654049,Mathematics,female,Freshman,20
48690899,PoliticalScience,male,Senior,21
14426083,Biology,female,Freshman,20
52921421,ComputerScience,female,Junior,24
13100862,ElectricalEngineering,female,Sophomore,21
64159542,Business,male,Senior,22
50415320,English,female,Sophomore,19
23254369,English,male,Freshman,18
73058110,Law,female,Senior,22
46129497,Law,female,Freshman,17
68959499,ComputerScience,female,Freshman,15
99351376,Economics,male,Junior,24
94648532,Mathematics,male,Junior,23
60494050,ComputerScience,female,Sophomore,22
2595039,ElectricalEngineering,female,Junior,24
66587731,IndustrialEngineering,female,Junior,19
22915915,ElectricalEngineering,female,Senior,24
47945739,IndustrialEngineering,female,Junior,21
10714140,ElectricalEngineering,female,Junior,23
54698721,Law,male,Sophomore,19
29516892,ElectricalEngineering,female,Junior,22
31331847,ComputerScience,female,Freshman,20
41669102,Biology,male,Sophomore,19
20987808,Law,female,Senior,24
49634155,Economics,male,Freshman,15
59375090,Biology,female,Junior,19
88990334,IndustrialEngineering,female,Freshman,17
19932873,PoliticalScience,female,Freshman,20
57461205,Biology,female,Sophomore,18
20598143,Economics,female,Sophomore,17
90628000,Law,female,Sophomore,21
22206777,English,female,Junior,24
19686928,Mathematics,male,Sophomore,19
3579631,PoliticalScience,male,Sophomore,18
62175149,English,male,Freshman,19
97859105,ComputerScience,female,Freshman,18
91749066,Law,female,Freshman,20
69666874,ComputerScience,male,Sophomore,17
65810578,IndustrialEngineering,male,Senior,25
59364116,Economics,female,Freshman,15
70162625,Mathematics,female,Senior,25
80330704,English,female,Freshman,18
55110117,English,male,Freshman,18
14859254,PoliticalScience,male,Junior,21
40934665,ComputerScience,female,Junior,22
32942884,Law,female,Sophomore,19
25070239,ElectricalEngineering,male,Freshman,15
81998284,Economics,female,Sophomore,20
85642167,Law,male,Junior,21
11499621,PoliticalScience,female,Junior,23
52913792,Mathematics,female,Junior,20
13307526,IndustrialEngineering,female,Junior,19
32172987,Biology,male,Junior,21
2244390,IndustrialEngineering,male,Junior,19
61217420,Biology,female,Junior,19
92718508,Economics,male,Senior,24
80320108,Mathematics,female,Junior,23
27492562,English,male,Sophomore,21
56559707,IndustrialEngineering,female,Senior,24
37507542,ElectricalEngineering,female,Freshman,16
97735938,Mathematics,female,Sophomore,19
30572578,Mathematics,male,Sophomore,18
56997851,Biology,female,Sophomore,20
43281488,PoliticalScience,female,Freshman,17
37761295,IndustrialEngineering,female,Freshman,20
18260856,ComputerScience,male,Junior,20
50999438,Biology,female,Sophomore,22
55015630,English,female,Junior,19
8689529,Law,male,Junior,19
9766403,ElectricalEngineering,female,Freshman,19
68769678,ElectricalEngineering,male,Sophomore,22
51857035,PoliticalScience,female,Freshman,16
20674235,Mathematics,male,Senior,21
77259755,IndustrialEngineering,female,Freshman,20
53850249,ElectricalEngineering,male,Senior,22
32040950,Mathematics,male,Freshman,17
56981748,PoliticalScience,female,Freshman,16
11311954,PoliticalScience,female,Freshman,20
5872265,Mathematics,female,Junior,21
98419877,PoliticalScience,male,Sophomore,20
46116402,Business,male,Senior,25
66559880,Economics,male,Freshman,15
78753974,Law,male,Sophomore,20
11133208,ElectricalEngineering,female,Freshman,19
58629373,IndustrialEngineering,male,Senior,21
77346505,ComputerScience,female,Junior,20
62902323,PoliticalScience,female,Junior,21
26395808,Mathematics,male,Sophomore,21
8186069,Law,female,Freshman,15
35026711,Law,male,Sophomore,22
77721572,Business,male,Senior,26
14004660,Law,male,Sophomore,17
57849143,ComputerScience,female,Senior,26
62957231,Business,female,Freshman,16
56796378,English,female,Freshman,20
32787764,PoliticalScience,female,Junior,22
76653882,PoliticalScience,male,Freshman,19
6400894,Business,female,Sophomore,19
43207396,Law,male,Senior,26
20549133,IndustrialEngineering,male,Junior,20
4941613,Biology,female,Sophomore,17
4504486,Biology,male,Sophomore,17
35759790,Economics,male,Sophomore,22
13663877,ComputerScience,male,Senior,24
24775422,ElectricalEngineering,female,Freshman,18
15818341,Economics,female,Senior,24
17647767,Business,male,Freshman,18
77724949,English,male,Senior,26
1604599,IndustrialEngineering,female,Senior,26
4415461,IndustrialEngineering,male,Sophomore,19
96729590,ComputerScience,male,Senior,22
98661814,Biology,female,Freshman,15
46489479,IndustrialEngineering,male,Senior,24
79449574,ElectricalEngineering,female,Freshman,16
45415262,ElectricalEngineering,male,Junior,21
62871240,ElectricalEngineering,male,Freshman,15
87757528,PoliticalScience,male,Sophomore,21
95777834,Law,female,Freshman,18
45082391,Law,female,Freshman,16
39191823,Mathematics,female,Junior,19
68581368,ElectricalEngineering,male,Junior,21
81500026,Economics,female,Freshman,15
57683307,IndustrialEngineering,female,Senior,23
96900177,ComputerScience,male,Freshman,20
16377107,PoliticalScience,male,Senior,25
89164637,Business,female,Junior,20
97662749,ElectricalEngineering,female,Sophomore,19
15751794,IndustrialEngineering,male,Junior,24
39945529,IndustrialEngineering,female,Freshman,18
33258522,PoliticalScience,male,Sophomore,22
7481170,IndustrialEngineering,female,Sophomore,21
76407307,ElectricalEngineering,male,Senior,22
1835016,Mathematics,female,Senior,24
62371127,Business,female,Sophomore,19
61426777,English,female,Sophomore,22
29072308,Law,female,Sophomore,17
71165639,PoliticalScience,male,Senior,24
31076294,Economics,female,Sophomore,17
5331523,Law,male,Junior,19
73259844,PoliticalScience,female,Junior,22
26238367,ComputerScience,female,Junior,22
2896948,ElectricalEngineering,male,Junior,21
58024401,ElectricalEngineering,female,Freshman,18
95134606,ComputerScience,male,Sophomore,19
86941026,Law,female,Senior,22
20808390,ElectricalEngineering,male,Sophomore,21
48712802,Business,male,Sophomore,22
7793860,PoliticalScience,male,Freshman,20
58355316,Economics,female,Freshman,15
42222510,ComputerScience,male,Sophomore,19
23184733,ComputerScience,male,Sophomore,17
74728384,ComputerScience,female,Junior,22
35017052,English,female,Freshman,17
19782500,English,female,Junior,20
7735887,IndustrialEngineering,female,Sophomore,20
11927756,Mathematics,male,Senior,26
39717178,ComputerScience,female,Senior,26
98527575,PoliticalScience,female,Sophomore,17
58608010,ElectricalEngineering,male,Junior,22
49798712,Biology,female,Freshman,15
7629472,ComputerScience,female,Junior,24
84383999,English,male,Senior,26
36053863,ElectricalEngineering,male,Freshman,17
34283905,English,male,Freshman,16
30710867,Law,female,Senior,25
99289185,English,female,Freshman,17
25921313,Business,male,Junior,21
28294076,ComputerScience,male,Junior,21
28892523,English,female,Senior,23
51107463,PoliticalScience,male,Sophomore,20
11709837,Mathematics,male,Senior,24
83798179,Mathematics,female,Junior,22
20168354,Law,female,Junior,24
55359053,English,female,Junior,20
51300933,Business,male,Freshman,19
83013070,Economics,female,Sophomore,22
82274626,Economics,female,Freshman,15
90663342,ComputerScience,male,Sophomore,17
25708898,English,male,Senior,26
2432482,Business,female,Sophomore,21
94158936,English,male,Sophomore,21
81732673,Business,female,Junior,21
19065527,Biology,female,Freshman,18
50550134,Business,male,Sophomore,21
91146859,ComputerScience,female,Sophomore,19
46750129,Economics,male,Senior,22
92339876,ElectricalEngineering,female,Sophomore,19
73347953,Law,male,Senior,22
52569948,ElectricalEngineering,male,Senior,22
76387304,Economics,female,Junior,20
56460355,ComputerScience,male,Freshman,18
73628819,Economics,male,Freshman,18
40521456,PoliticalScience,male,Junior,21
23241260,English,male,Senior,25
82770570,Economics,female,Sophomore,18
91630046,ComputerScience,female,Senior,22
18916732,Biology,female,Freshman,15
19608463,Biology,female,Senior,21
57580654,English,male,Junior,20
53668570,Business,male,Junior,19
34311699,Business,male,Sophomore,18
57095513,Mathematics,female,Senior,25
46554263,ElectricalEngineering,female,Senior,25
89129997,Mathematics,male,Sophomore,20
72500033,IndustrialEngineering,male,Sophomore,21
55910785,IndustrialEngineering,female,Sophomore,19
3870512,PoliticalScience,female,Junior,19
78880431,Business,male,Freshman,20
64970378,Law,female,Sophomore,20
33167833,ElectricalEngineering,male,Sophomore,20
95140867,Biology,female,Sophomore,20
77936765,Business,male,Junior,20
31840846,Biology,male,Senior,21
28342915,Economics,female,Freshman,17
53519931,Economics,male,Senior,24
18854745,Economics,male,Freshman,15
44094655,Business,female,Junior,23
36069356,Biology,male,Junior,24
14326965,PoliticalScience,female,Senior,25
32902187,IndustrialEngineering,female,Senior,23
2461803,ElectricalEngineering,male,Freshman,19
75539960,Law,female,Junior,21
7561555,English,female,Junior,20
99965830,ComputerScience,male,Senior,23
7636281,Mathematics,female,Senior,26
63277450,ComputerScience,male,Senior,21
92118759,Business,male,Sophomore,20
89505201,Business,female,Junior,21
5325830,Law,female,Junior,21
77745952,Economics,female,Sophomore,18
94223883,English,male,Junior,23
83129483,ComputerScience,male,Sophomore,19
13010419,Law,female,Sophomore,19
28895420,Biology,female,Senior,22
36468660,Business,female,Senior,24
71304563,Economics,female,Junior,24
56284408,Business,female,Senior,23
12084741,Law,male,Senior,25
18877458,IndustrialEngineering,female,Senior,26
2410847,ComputerScience,male,Senior,26
32357530,Economics,female,Freshman,15
21042172,Biology,female,Junior,20
29932569,Mathematics,female,Sophomore,17
82731740,ElectricalEngineering,male,Sophomore,21
43826904,Law,female,Freshman,20
29129431,IndustrialEngineering,female,Sophomore,19
39252198,Biology,male,Junior,20
11928093,Biology,male,Freshman,18
92460859,ElectricalEngineering,female,Junior,21
45571253,Mathematics,female,Freshman,20
93427206,Business,female,Freshman,19
57780677,Mathematics,male,Sophomore,17
40662664,Business,female,Sophomore,21
71408175,Business,female,Freshman,19
72350399,English,male,Sophomore,21
64735106,Biology,female,Junior,22
66039857,ElectricalEngineering,female,Senior,26
36389243,Business,female,Junior,24
30025710,IndustrialEngineering,female,Junior,21
67571577,Business,male,Sophomore,21
66536573,English,female,Freshman,16
42700778,ElectricalEngineering,male,Senior,25
365155,Law,female,Sophomore,17
54005377,IndustrialEngineering,female,Sophomore,22
72724989,ElectricalEngineering,male,Senior,25
72881086,PoliticalScience,male,Senior,26
73268478,Business,female,Sophomore,17
4846899,English,male,Junior,22
44472718,ElectricalEngineering,female,Sophomore,17
48685023,Mathematics,male,Junior,21
36986176,English,male,Sophomore,21
11269012,English,male,Junior,23
13022551,Economics,female,Junior,19
80764436,Biology,male,Freshman,18
50711940,Economics,male,Sophomore,19
16251190,IndustrialEngineering,male,Sophomore,22
76785581,ComputerScience,male,Freshman,17
79211344,Business,male,Freshman,20
96031482,Biology,male,Freshman,20
44508088,Mathematics,male,Senior,22
56907437,IndustrialEngineering,male,Senior,25
53552920,IndustrialEngineering,male,Sophomore,22
79760352,English,male,Sophomore,19
26365411,Business,male,Junior,21
56647687,Law,male,Sophomore,20
44678377,IndustrialEngineering,male,Freshman,17
96905808,ComputerScience,female,Junior,19
8515758,English,male,Senior,25
50993669,Law,female,Sophomore,20
97462706,Business,male,Freshman,15
66371156,Law,male,Senior,21
12709612,IndustrialEngineering,female,Junior,20
64661863,IndustrialEngineering,male,Senior,24
53461730,English,female,Junior,19
12409585,Biology,male,Junior,20
17615596,English,female,Junior,22
13955702,Biology,female,Senior,26
2867393,Law,female,Sophomore,22
65566120,Economics,male,Senior,24
26266727,Biology,female,Freshman,17
73323309,IndustrialEngineering,male,Sophomore,21
1372581,Economics,female,Sophomore,19
18461261,Law,female,Sophomore,19
21089452,Law,male,Junior,20
12690515,Economics,male,Junior,21
49758164,Business,male,Junior,23
32461932,Mathematics,female,Junior,22
17389149,Business,male,Sophomore,17
81088313,Mathematics,female,Sophomore,17
83883036,Business,female,Freshman,17
84374367,ComputerScience,female,Junior,23
31002654,IndustrialEngineering,female,Junior,21
51961082,ElectricalEngineering,female,Freshman,15
24366922,PoliticalScience,male,Junior,19
89610338,PoliticalScience,male,Senior,24
96114322,Mathematics,female,Senior,22
50947885,Biology,male,Sophomore,21
19480668,Mathematics,male,Senior,26
76659602,Biology,male,Sophomore,22
72015968,Economics,female,Sophomore,19
78672535,Biology,female,Senior,25
23114587,Business,female,Freshman,18
36202766,PoliticalScience,male,Sophomore,18
51275389,Economics,female,Junior,22
30112274,PoliticalScience,female,Junior,21
356191,IndustrialEngineering,male,Junior,21
44777208,English,female,Freshman,15
22675119,English,male,Senior,24
55450241,Law,male,Junior,22
64550039,Biology,male,Junior,20
50422887,Mathematics,female,Sophomore,19
39009553,Business,male,Freshman,15
62265656,Biology,female,Senior,23
86824083,IndustrialEngineering,female,Sophomore,22
1949374,Biology,female,Junior,21
11909006,Mathematics,male,Freshman,15
65972916,PoliticalScience,male,Junior,22
33161244,Law,female,Freshman,20
4220549,IndustrialEngineering,female,Sophomore,20
14468171,Economics,female,Senior,22
44077148,Law,female,Junior,23
22277059,Law,female,Junior,21
22321145,PoliticalScience,male,Sophomore,22
76636059,Law,male,Junior,20
6126643,Biology,female,Freshman,20
36445041,Business,male,Junior,20
779143,IndustrialEngineering,female,Sophomore,20
15763881,Biology,female,Junior,19
82443509,Biology,male,Senior,26
40680022,Biology,female,Sophomore,20
96559650,Biology,male,Senior,24
27286397,Economics,male,Sophomore,21
53143562,Business,male,Freshman,15
90450977,English,male,Freshman,20
37195281,IndustrialEngineering,male,Sophomore,21
72047876,Law,female,Sophomore,17
15114068,Mathematics,female,Junior,23
55039360,ComputerScience,female,Senior,23
27967294,Economics,male,Junior,20
33240740,Economics,female,Junior,22
79624475,IndustrialEngineering,male,Senior,23
65137445,Mathematics,male,Senior,22
78284431,Mathematics,male,Sophomore,22
4933749,Business,male,Sophomore,19
40598422,PoliticalScience,male,Senior,24
36056834,Economics,female,Senior,25
2315234,ElectricalEngineering,male,Freshman,16
62065992,Law,male,Junior,22
60615441,Law,male,Senior,24
20498144,Economics,male,Sophomore,22
68756039,ElectricalEngineering,male,Senior,23
33320634,Mathematics,female,Junior,23
48195732,English,female,Freshman,15
85451398,ComputerScience,female,Sophomore,20
41183265,PoliticalScience,male,Sophomore,21
2878810,Mathematics,female,Sophomore,18
47217233,ElectricalEngineering,female,Sophomore,22
23604590,IndustrialEngineering,female,Sophomore,17
13785598,ComputerScience,male,Junior,24
89415519,ComputerScience,male,Senior,21
9652501,IndustrialEngineering,male,Junior,19
13020133,Law,male,Senior,23
59069483,Law,female,Junior,19
78727504,ComputerScience,male,Sophomore,21
73865969,Economics,male,Sophomore,19
54150191,PoliticalScience,female,Junior,19
3525573,English,male,Sophomore,21
15669455,PoliticalScience,female,Junior,19
31573446,ElectricalEngineering,male,Senior,23
78533425,English,female,Freshman,20
80245810,Law,male,Senior,21
34437845,IndustrialEngineering,female,Freshman,17
13772113,PoliticalScience,male,Freshman,19
19772369,Economics,male,Junior,21
98544845,PoliticalScience,female,Freshman,20
71444,Mathematics,male,Sophomore,19
14840376,ElectricalEngineering,female,Senior,23
46165991,ComputerScience,female,Junior,20
21842890,English,male,Freshman,18
2796314,English,female,Sophomore,20
68470767,Law,female,Freshman,15
52037525,IndustrialEngineering,male,Sophomore,20
60192653,English,male,Junior,24
54667755,IndustrialEngineering,male,Freshman,15
89805558,Biology,male,Junior,19
47350436,Biology,male,Freshman,16
34487079,ComputerScience,male,Senior,24
36633949,IndustrialEngineering,male,Freshman,16
16345955,Biology,male,Senior,26
36502225,PoliticalScience,female,Senior,24
14378454,ComputerScience,female,Sophomore,19
22925808,IndustrialEngineering,female,Sophomore,21
48900850,Mathematics,female,Senior,23
13849472,Biology,male,Sophomore,20
93661666,ComputerScience,male,Senior,23
41184127,IndustrialEngineering,male,Sophomore,21
62990635,Business,male,Sophomore,18
11749208,ElectricalEngineering,female,Junior,21
70525473,Biology,female,Senior,26
37052049,IndustrialEngineering,female,Sophomore,20
40003888,English,female,Freshman,20
11398841,Law,male,Senior,24
1452345,PoliticalScience,female,Junior,21
110396,ComputerScience,male,Freshman,16
1451226,Biology,male,Senior,21
21387045,Business,female,Freshman,15
13984320,Economics,female,Junior,21
5244825,PoliticalScience,female,Freshman,20
53264838,IndustrialEngineering,male,Junior,19
64895043,Economics,male,Senior,26
10797641,ElectricalEngineering,female,Freshman,15
25402144,IndustrialEngineering,female,Senior,23
47410039,English,male,Freshman,15
32540209,ComputerScience,female,Senior,24
72995023,Economics,female,Sophomore,20
87027455,Economics,male,Freshman,15
13218201,Economics,female,Senior,24
30906698,English,male,Sophomore,22
75404110,IndustrialEngineering,female,Freshman,15
80800540,Law,female,Sophomore,21
18174064,ElectricalEngineering,female,Junior,21
21832073,ElectricalEngineering,female,Freshman,16
98047566,Business,female,Junior,19
76863907,Biology,female,Freshman,17
61271684,Business,male,Freshman,19
24799928,Mathematics,female,Freshman,19
50663111,Economics,male,Junior,19
97591413,ElectricalEngineering,male,Freshman,19
67172158,English,female,Freshman,18
73749657,Biology,female,Sophomore,22
27750064,Economics,female,Freshman,17
10352528,PoliticalScience,female,Junior,24
20025967,English,male,Sophomore,18
14822156,Mathematics,female,Sophomore,22
75505071,Biology,male,Junior,20
529519,Law,male,Freshman,15
71511886,Economics,male,Sophomore,21
78621558,Law,male,Senior,22
74673273,Mathematics,male,Freshman,20
86829185,ElectricalEngineering,female,Sophomore,22
47641416,ComputerScience,male,Junior,20
52929476,Mathematics,male,Freshman,19
59379161,English,male,Freshman,19
94516605,English,male,Senior,22
67139268,PoliticalScience,male,Freshman,20
83029884,Economics,male,Junior,19
69851843,ElectricalEngineering,female,Sophomore,18
13310534,PoliticalScience,female,Senior,26
42940789,ComputerScience,male,Junior,22
16640142,IndustrialEngineering,female,Junior,23
33256470,ComputerScience,female,Freshman,19
59148768,Biology,female,Freshman,17
12271862,Economics,male,Junior,21
2265215,Mathematics,female,Sophomore,20
37050974,Mathematics,male,Junior,20
39208463,ComputerScience,male,Sophomore,22
13065961,ComputerScience,female,Freshman,17
7906343,PoliticalScience,male,Sophomore,22
91777420,PoliticalScience,male,Senior,22
9259654,ElectricalEngineering,female,Freshman,20
65623265,Law,male,Freshman,15
89416303,ElectricalEngineering,female,Junior,21
88244535,Economics,female,Sophomore,20
45969123,IndustrialEngineering,male,Freshman,16
95861976,PoliticalScience,female,Junior,24
58827514,ElectricalEngineering,male,Senior,24
32567129,Mathematics,female,Sophomore,17
36019673,English,male,Sophomore,20
84711451,Business,female,Freshman,17
46902782,ElectricalEngineering,female,Junior,24
36021181,Business,male,Freshman,18
36841144,English,female,Freshman,20
69962045,ComputerScience,female,Freshman,20
85563010,Economics,male,Junior,23
45023463,Law,female,Freshman,16
45062742,Law,female,Junior,19
87649265,Economics,female,Sophomore,17
74411259,Biology,male,Junior,20
48879678,English,female,Sophomore,22
59711973,Law,female,Sophomore,18
9746535,Economics,female,Junior,19
25642761,Business,female,Freshman,20
28687995,PoliticalScience,male,Senior,21
60256092,Mathematics,female,Freshman,18
96093248,Biology,male,Junior,20
90038090,ComputerScience,female,Junior,19
94532414,English,female,Junior,23
67813083,Biology,male,Freshman,17
95809520,Business,female,Senior,21
62503608,Biology,male,Junior,23
42548365,ElectricalEngineering,female,Senior,26
22346412,IndustrialEngineering,female,Senior,23
12728088,Mathematics,female,Junior,20
85179433,ElectricalEngineering,female,Senior,26
5831514,Law,female,Senior,25
78292679,ComputerScience,male,Sophomore,17
96628576,ElectricalEngineering,male,Senior,24
13049100,Law,male,Junior,24
93750354,Mathematics,male,Junior,21
11676848,Business,female,Sophomore,21
77338779,ElectricalEngineering,male,Senior,23
86063444,Law,female,Junior,20
81440207,Economics,female,Junior,23
35718701,ComputerScience,female,Senior,25
63642649,ComputerScience,female,Freshman,18
42111674,PoliticalScience,female,Sophomore,19
81845909,English,female,Senior,23
8741115,Biology,male,Freshman,16
71594840,ComputerScience,female,Freshman,17
33531259,ComputerScience,female,Sophomore,17
77950406,English,female,Senior,24
33073647,Biology,male,Freshman,18
87520148,Law,male,Junior,19
73650028,ComputerScience,male,Junior,22
66220409,IndustrialEngineering,male,Senior,24
11149034,English,male,Sophomore,21
42897698,Mathematics,female,Senior,22
83422663,Economics,male,Sophomore,21
84675655,Business,female,Junior,20
17623199,Business,female,Freshman,17
42585346,PoliticalScience,female,Sophomore,21
59974313,Law,male,Sophomore,17
7518802,English,female,Junior,24
34727393,Law,male,Junior,21
7163638,Biology,female,Junior,21
57704564,Business,female,Junior,24
86334347,IndustrialEngineering,female,Sophomore,20
67978288,Economics,male,Junior,20
61665697,ElectricalEngineering,female,Sophomore,17
73071625,English,male,Freshman,17
38077246,Mathematics,female,Sophomore,19
88433436,Economics,female,Sophomore,19
26521970,PoliticalScience,male,Freshman,19
6085949,Business,male,Freshman,16
89250879,PoliticalScience,female,Freshman,20
58224142,IndustrialEngineering,female,Junior,19
96957556,Law,male,Senior,25
55390181,Economics,female,Junior,22
26928255,Biology,female,Senior,22
61054765,ElectricalEngineering,male,Junior,22
69739845,Biology,male,Junior,24
98897214,Business,female,Senior,25
96975137,PoliticalScience,female,Junior,24
70168183,Economics,female,Junior,19
7922941,Business,female,Junior,21
54979428,IndustrialEngineering,female,Senior,22
56684540,ElectricalEngineering,male,Sophomore,20
67400869,ComputerScience,female,Sophomore,22
35755408,IndustrialEngineering,male,Junior,22
25516275,Biology,male,Senior,24
40769509,Mathematics,female,Sophomore,18
45441341,Economics,female,Sophomore,22
29009419,Biology,male,Junior,20
22663000,ElectricalEngineering,male,Freshman,15
36098098,Economics,male,Freshman,18
6951995,IndustrialEngineering,female,Junior,20
68563845,Law,male,Sophomore,18
48057743,Mathematics,male,Senior,24
10436948,Business,female,Freshman,20
34891090,ComputerScience,female,Sophomore,18
586159,Economics,male,Freshman,20
23595390,English,male,Sophomore,21
75170813,Biology,female,Junior,20
36130494,Business,female,Junior,23
69376805,English,female,Senior,24
23500472,English,male,Senior,26
39410194,Law,female,Freshman,19
7080606,ComputerScience,female,Sophomore,18
75589587,ElectricalEngineering,female,Senior,22
67629861,Law,male,Sophomore,21
46415355,Mathematics,male,Freshman,16
20729925,English,female,Senior,25
88956493,ComputerScience,female,Freshman,18
58500147,PoliticalScience,female,Junior,23
58761577,Economics,female,Junior,20
774106,Business,male,Freshman,18
45999185,Biology,female,Freshman,17
7753776,Economics,female,Senior,26
22365353,Biology,male,Senior,25
52206511,Business,female,Senior,22
54183784,Biology,male,Freshman,16
70527037,Business,female,Junior,19
98941891,Economics,male,Freshman,17
7273671,Business,female,Sophomore,20
36091908,Biology,female,Senior,26
59014529,Biology,male,Sophomore,18
96938692,Business,male,Freshman,15
27589689,IndustrialEngineering,male,Junior,20
26517675,ComputerScience,male,Freshman,20
49609269,Law,female,Junior,24
32735552,Mathematics,female,Sophomore,21
87439515,ComputerScience,male,Senior,25
54665806,IndustrialEngineering,male,Sophomore,20
43977995,PoliticalScience,male,Freshman,17
93476659,Business,female,Senior,25
56558331,ElectricalEngineering,male,Senior,22
83648495,PoliticalScience,male,Junior,22
77487239,Economics,female,Senior,21
78468991,PoliticalScience,female,Junior,22
25027974,ComputerScience,female,Junior,21
99980318,Biology,female,Senior,26
12567481,Law,female,Senior,26
12905944,Mathematics,female,Sophomore,18
57415498,ElectricalEngineering,female,Sophomore,18
12694564,PoliticalScience,female,Junior,24
88471771,English,male,Junior,20
11898822,Mathematics,female,Junior,19
24738,Law,male,Junior,21
85185052,Biology,male,Senior,23
58034092,Mathematics,female,Senior,21
15905430,ComputerScience,male,Senior,22
44976823,Biology,male,Senior,21
88823892,PoliticalScience,male,Sophomore,19
4302729,ElectricalEngineering,female,Sophomore,21
62142989,Economics,female,Freshman,20
9984833,Law,female,Freshman,15
36108630,Mathematics,female,Senior,21
57849600,ElectricalEngineering,female,Senior,21
52414887,ComputerScience,male,Junior,22
58551580,English,male,Sophomore,18
89517581,Law,male,Junior,23
30964313,ComputerScience,male,Freshman,15
8625701,English,male,Senior,25
80729927,ElectricalEngineering,female,Freshman,20
80151430,ComputerScience,female,Junior,23
1825058,Law,female,Freshman,20
83845127,Economics,male,Senior,22
28394728,PoliticalScience,female,Senior,22
82733115,Business,male,Freshman,20
16235876,Economics,female,Junior,19
74303337,IndustrialEngineering,male,Sophomore,20
52896214,Biology,female,Junior,22
80303634,Biology,female,Sophomore,22
47374912,ComputerScience,male,Junior,23
21822925,Law,female,Sophomore,18
68564140,Mathematics,female,Freshman,19
7530633,Biology,female,Senior,23
90780675,Law,male,Freshman,20
11917275,English,female,Sophomore,18
93961987,Mathematics,female,Freshman,19
68667247,English,female,Senior,26
37708938,Mathematics,male,Freshman,15
36647570,Law,female,Senior,26
63957023,English,male,Sophomore,19
23098221,Biology,male,Freshman,17
70473789,ElectricalEngineering,male,Senior,23
48159640,Business,male,Senior,25
81968359,IndustrialEngineering,female,Junior,21
11042050,PoliticalScience,male,Freshman,18
96799931,ComputerScience,female,Junior,21
77783674,PoliticalScience,female,Senior,22
45644003,Law,male,Sophomore,19
63851499,Biology,male,Senior,24
581013,ElectricalEngineering,female,Sophomore,19
38349357,PoliticalScience,female,Junior,22
92121181,ComputerScience,male,Sophomore,20
94961859,IndustrialEngineering,male,Freshman,17
87185688,PoliticalScience,male,Sophomore,18
18611794,PoliticalScience,male,Sophomore,20
85133082,Law,male,Freshman,15
75697518,ElectricalEngineering,female,Junior,20
82930311,PoliticalScience,male,Sophomore,22
22787801,Economics,male,Junior,24
11178739,Economics,male,Freshman,16
94858364,Law,male,Junior,21
71025950,Economics,female,Sophomore,17
64883129,PoliticalScience,female,Senior,22
40913747,English,female,Freshman,20
9704041,Law,female,Junior,20
68933156,ComputerScience,female,Junior,19
7599842,PoliticalScience,female,Sophomore,22
9640205,PoliticalScience,female,Sophomore,18
30453285,Economics,female,Sophomore,17
48172929,Economics,female,Senior,23
34489610,Mathematics,male,Sophomore,18
54099834,Law,female,Junior,23
94346358,ElectricalEngineering,male,Sophomore,17
34189031,Mathematics,female,Senior,23
15177764,English,female,Freshman,19
75183253,ComputerScience,female,Junior,20
63339101,Biology,male,Junior,20
48094489,ElectricalEngineering,female,Freshman,20
37808920,Business,female,Freshman,17
76131560,ComputerScience,female,Freshman,15
81516401,Business,male,Junior,20
26681362,ElectricalEngineering,female,Senior,23
52905522,Biology,male,Sophomore,22
75857689,PoliticalScience,female,Sophomore,22
77011193,Economics,female,Junior,19
71448156,Mathematics,male,Senior,21
39163447,English,male,Freshman,17
79298290,Mathematics,female,Sophomore,21
67899054,Biology,female,Senior,24
80185411,Mathematics,male,Sophomore,19
77960142,ElectricalEngineering,female,Junior,19
2864583,Mathematics,male,Senior,23
28169476,ElectricalEngineering,female,Freshman,17
4337898,Law,male,Sophomore,22
30037223,Economics,male,Freshman,19
82034826,ElectricalEngineering,male,Senior,23
91353971,Business,male,Sophomore,17
64341510,ElectricalEngineering,male,Sophomore,22
42192532,ComputerScience,female,Sophomore,20
71346266,Biology,male,Freshman,16
95253977,IndustrialEngineering,male,Freshman,19
66760628,IndustrialEngineering,female,Sophomore,17
20337528,Mathematics,female,Junior,21
94786673,English,male,Freshman,16
55816350,Economics,male,Senior,26
13984713,ComputerScience,female,Sophomore,17
91205475,ComputerScience,male,Junior,19
77980301,Mathematics,male,Sophomore,21
34755032,Biology,female,Senior,26
98285214,Mathematics,male,Freshman,16
77267738,Law,female,Freshman,15
23971862,English,male,Sophomore,20
38009195,ElectricalEngineering,male,Sophomore,19
2668153,PoliticalScience,male,Junior,19
64865182,English,female,Senior,26
63372963,Mathematics,male,Senior,25
71426742,IndustrialEngineering,female,Junior,24
19266377,IndustrialEngineering,female,Sophomore,19
32946608,Law,female,Senior,22
71965762,Mathematics,male,Junior,21
7564691,Biology,female,Junior,19
76614990,IndustrialEngineering,male,Freshman,15
45883587,ComputerScience,female,Sophomore,17
62576460,English,male,Senior,21
56527438,Mathematics,male,Senior,23
85107027,PoliticalScience,female,Junior,19
88886303,Business,male,Sophomore,18
55956559,Law,male,Junior,19
63541776,ElectricalEngineering,male,Freshman,17
42904094,PoliticalScience,female,Freshman,15
32752843,English,male,Junior,20
1179369,Economics,male,Senior,22
60501574,IndustrialEngineering,female,Junior,20
34581411,IndustrialEngineering,male,Senior,23
39551100,Economics,male,Junior,20
51782797,Economics,male,Sophomore,22
1995659,PoliticalScience,male,Freshman,18
41160770,Law,female,Freshman,15
23582582,Mathematics,female,Senior,22
45201141,PoliticalScience,male,Sophomore,18
42784842,Mathematics,female,Junior,19
91027012,Law,female,Junior,24
78923602,English,female,Senior,22
59994954,PoliticalScience,male,Junior,24
50082183,IndustrialEngineering,male,Sophomore,17
76914117,Business,male,Junior,23
18511396,Law,male,Junior,23
55632492,Mathematics,male,Senior,26
6650492,ElectricalEngineering,female,Sophomore,20
89416347,Law,male,Junior,19
70580448,Economics,female,Freshman,15
72343715,Business,male,Freshman,18
95956590,Mathematics,male,Freshman,18
58441068,Economics,female,Junior,19
58343386,Economics,female,Senior,21
88301399,ComputerScience,male,Junior,21
94975155,Biology,female,Sophomore,20
12397846,ElectricalEngineering,female,Sophomore,17
60931010,Business,male,Junior,19
84478640,Economics,male,Senior,25
49092713,PoliticalScience,male,Senior,25
4572140,Mathematics,female,Junior,20
36641194,ElectricalEngineering,female,Sophomore,17
4129914,English,male,Junior,20
83100189,PoliticalScience,male,Freshman,17
29602666,ElectricalEngineering,female,Junior,21
66298887,English,male,Freshman,18
21854634,Business,male,Junior,22
64312768,ComputerScience,male,Sophomore,22
7409885,ComputerScience,female,Junior,21
83123545,Economics,female,Senior,23
9114408,PoliticalScience,male,Freshman,18
99784471,Biology,male,Junior,22
41404124,IndustrialEngineering,male,Junior,21
5441730,ElectricalEngineering,female,Sophomore,21
39573605,ElectricalEngineering,female,Senior,24
31141468,IndustrialEngineering,male,Senior,21
98895577,ElectricalEngineering,female,Senior,25
35016057,Economics,male,Freshman,17
54980377,IndustrialEngineering,male,Sophomore,22
58722081,English,male,Freshman,19
93935557,ComputerScience,female,Freshman,20
52688005,Biology,female,Senior,24
67813546,PoliticalScience,female,Sophomore,21
89054722,Business,female,Sophomore,19
2600906,Law,female,Senior,25
97752599,Economics,male,Sophomore,22
80918598,Economics,female,Junior,23
25391923,Economics,female,Sophomore,18
64090431,Biology,male,Senior,21
62967284,Biology,male,Freshman,18
28245855,English,female,Freshman,18
153581,ElectricalEngineering,female,Junior,24
98014217,ElectricalEngineering,male,Freshman,17
81901232,Law,male,Sophomore,22
29286940,IndustrialEngineering,male,Senior,22
34188057,IndustrialEngineering,female,Freshman,19
14394998,English,male,Junior,21
97428916,Biology,male,Junior,19
42433157,Biology,male,Senior,25
68542879,Business,female,Freshman,20
36541883,ElectricalEngineering,male,Junior,20
4326048,IndustrialEngineering,male,Junior,21
45088634,PoliticalScience,male,Sophomore,19
90017410,PoliticalScience,female,Senior,24
11515804,Law,male,Senior,24
71746863,Mathematics,female,Junior,21
27609805,ComputerScience,female,Sophomore,17
97712930,Biology,male,Sophomore,20
95362521,Economics,male,Sophomore,21
43649437,Business,female,Junior,20
13173519,PoliticalScience,male,Sophomore,22
34654481,ComputerScience,female,Freshman,17
